CreatorID,Content_CreatorFullName,BirthDate,Country,IsActive,JoinDate,AgentID
239355065,Lorette Stedmond,10/4/2022,Greece,true,7/28/2015,285784093
206247076,Toddie Giblin,8/28/2014,China,true,10/3/2012,243714775
351377597,Dieter Stepto,4/11/2019,China,true,8/13/2023,382279744
243794872,Ladonna Lansley,1/21/2014,Argentina,true,11/15/2012,211435858
366300564,Feliza Pincott,12/25/2023,China,true,4/26/2023,264435721
260737024,Spense Jacobovitz,9/22/2023,China,true,11/5/2020,359764565
239550268,Rand Kidson,7/4/2012,Poland,true,3/16/2022,310134957
222602176,Roderic Betje,12/1/2020,Philippines,true,12/13/2014,351538983
318605006,Chantal Dewsbury,6/17/2021,Poland,false,9/6/2024,351309967
289309435,Devonna Derington,1/13/2024,France,false,3/21/2016,205038137
353620059,Perle Devon,11/24/2012,China,false,11/30/2018,389279553
205509918,Bartie Arrigucci,2/5/2014,China,true,3/23/2024,251034684
272793012,Adair Fibben,1/27/2021,China,true,4/26/2016,378255929
282306370,Pietro Wolfendale,2/20/2013,Italy,false,12/17/2019,230691780
350792778,Birgitta Prickett,1/23/2025,United States,true,4/11/2025,308014761
307986913,Wenona Anthill,7/29/2015,France,true,8/5/2021,296690620
372353849,Shanan Lishmund,1/10/2014,Germany,true,5/28/2012,229639204
288842760,Colly Marney,2/23/2013,China,false,4/8/2014,224759203
288549523,Querida Worton,4/1/2017,China,true,4/25/2022,325519443
299228277,Lemmie Sallarie,8/24/2013,Indonesia,false,2/26/2014,291482115
247055591,Lucian Goldson,12/21/2014,Mexico,true,6/9/2023,251034684
319859060,Gabe Epton,2/24/2015,Japan,true,6/4/2016,391122718
380956412,Dani Quesne,1/27/2018,Netherlands,false,3/18/2017,319979819
220053879,Alfi Renner,11/26/2013,China,true,5/6/2012,369747544
347481096,Olag Sievewright,2/24/2021,United States,false,10/31/2012,270145338
332309749,Urbain Bartoloma,3/7/2023,China,true,11/12/2014,338744847
273364028,Adelbert Sage,2/29/2020,Slovenia,true,10/15/2019,244824002
276606087,Arabele Kalkofen,10/16/2015,Indonesia,true,6/12/2022,252016530
205394944,Lilian Iorns,4/23/2016,Philippines,false,8/3/2021,308014761
376953743,Jillana Kinnie,5/15/2021,Philippines,true,8/8/2021,211913433
258119732,Nikolas Corneil,3/12/2018,China,true,1/4/2018,380500932
305647224,Tessa Anersen,12/26/2020,China,true,4/26/2023,296223227
233180967,Silvain Heads,2/21/2024,Russia,true,7/29/2016,388627400
241021800,Haily Thunder,4/9/2024,Indonesia,true,10/23/2013,223446204
204042582,Grayce Foran,1/31/2022,Chile,false,11/3/2013,311943414
229405969,Tremain Garmons,10/12/2016,Russia,false,4/5/2020,224319778
232739392,Stewart Tomicki,3/4/2020,China,false,5/30/2013,229166017
213145419,Gar D''Hooge,4/20/2014,China,true,4/24/2024,202334587
232268576,Kordula Tregoning,1/13/2020,South Africa,false,8/31/2012,214367772
265309441,Baxie MacKeague,2/6/2025,Philippines,false,8/19/2024,368882643
264778400,Allyce Bearne,6/16/2016,China,true,12/25/2023,359848475
293643869,Hashim Thurbon,11/13/2013,Sweden,false,9/4/2024,238530563
275029360,Willy Whyteman,1/2/2019,China,false,8/7/2015,297423212
219923089,Brannon Balma,12/27/2018,Russia,false,6/2/2013,358423669
358116700,Lin Rojel,5/15/2022,France,true,12/4/2021,373681202
300344791,Konstantine Aronovitz,11/24/2024,China,true,8/13/2022,301173617
264464851,Dorris Lippiatt,1/2/2023,Indonesia,true,10/14/2016,210802677
224697198,Cointon Yukhnin,4/14/2014,Serbia,false,9/2/2021,252076860
385060570,Murielle Vazquez,5/16/2013,Bolivia,false,3/25/2025,258205421
290025594,Lin Bowshire,7/27/2020,China,false,5/25/2013,290623539
389770951,Freddi Sprackling,4/28/2023,Argentina,true,10/8/2015,334990696
263949475,Kellen Scawen,11/11/2024,Russia,true,10/15/2020,219269131
359060760,Valma Tattersdill,7/5/2012,Indonesia,true,9/18/2012,337937630
210648722,Kelcy Reford,12/2/2016,Indonesia,true,2/26/2018,223777553
299076625,Fitz Lazare,11/11/2015,Brazil,false,5/3/2018,321589611
236129655,Delcina Stoneham,5/25/2022,Canada,true,2/20/2024,303216815
265343014,Marta Kolodziej,2/24/2023,China,false,12/3/2017,224579614
244077286,Morgan Swindall,6/1/2020,Democratic Republic of the Congo,false,12/27/2023,310134957
374112080,Teri Meddows,6/11/2013,Russia,true,2/25/2019,294089571
304387369,Tomi Heninghem,7/22/2022,Brazil,false,9/1/2017,255126218
382290274,Danika Rubinovitch,5/30/2019,Ireland,true,3/30/2025,306807649
232538187,Berk Evershed,11/9/2014,Syria,false,7/2/2021,372735278
248327303,Jacklyn Spaven,6/16/2012,Belgium,false,10/2/2021,366375142
364105616,Berta Barta,4/5/2016,Russia,false,1/3/2021,295653005
266216396,Caty Stubbeley,4/21/2014,South Africa,false,9/14/2022,301175239
297824072,Napoleon Bridat,9/4/2024,Philippines,true,3/31/2014,385194601
219836613,Morry Lebbern,10/18/2019,Indonesia,false,12/19/2019,217029086
320299523,Kati Tallon,2/20/2020,Portugal,false,4/3/2022,209156470
326823719,Henderson Beament,9/16/2016,Brazil,false,2/24/2022,353956085
346386903,Frederic Quillinane,12/7/2015,Japan,false,3/14/2024,399017422
216098012,Louella Sheed,7/21/2017,Albania,true,9/23/2014,291921376
234881130,Annabell Gouthier,6/4/2024,Kyrgyzstan,false,3/17/2015,293775283
349183142,Gleda Shearman,5/6/2012,Russia,false,11/3/2020,371457999
369108245,Cori Domnick,9/12/2021,Russia,false,8/16/2017,339843251
250319406,Norene Michin,12/21/2012,Czech Republic,false,1/28/2018,321493011
230235731,Packston Duckham,1/20/2025,Indonesia,false,1/31/2022,379609474
383175140,Valencia Kuhwald,10/19/2024,Bulgaria,true,11/23/2014,329858172
373863692,Donella Bapty,8/25/2022,China,false,2/8/2019,274915006
283088893,Tobye McIlheran,3/23/2024,Ukraine,false,1/19/2019,378526843
299338820,Darryl Dunkley,9/4/2023,Portugal,false,4/28/2023,366375142
368346928,Daron Gumery,3/7/2023,Latvia,true,2/15/2019,248375662
258462071,Preston Beddo,10/6/2021,Brazil,false,11/29/2019,273471018
319232185,Linnet Brice,12/19/2023,Nigeria,true,6/27/2024,303216815
362539177,Madonna Paff,12/3/2014,Indonesia,false,6/28/2023,325062208
363146715,Darin Ryson,10/9/2015,China,true,1/4/2016,220695067
202621028,Karrie McGloughlin,4/20/2025,Bulgaria,false,5/9/2022,255126218
367213439,Yolanthe Wardale,9/24/2021,Russia,true,10/2/2023,208453401
355837216,Dasie Aves,6/15/2023,Indonesia,true,5/12/2024,325745757
398411694,Anthea Carnegie,11/19/2018,China,true,2/9/2020,351319276
263076968,Brendin Supple,1/17/2013,Nigeria,false,3/5/2020,358585310
221644011,Trescha Ablitt,11/11/2015,Cameroon,true,7/23/2019,263787987
225390621,Agretha McCritchie,5/2/2021,Tajikistan,false,8/15/2014,296066075
398069476,Edmon Coldridge,6/17/2013,Brazil,true,6/15/2017,386854033
221324946,Inglebert Serotsky,2/23/2024,Yemen,false,5/22/2016,360137162
329457273,Eve Tomik,2/23/2025,Russia,false,12/16/2022,283858303
264337594,Maiga Hitschke,9/25/2021,Vietnam,false,5/27/2016,227913076
355185600,Aubree Ajsik,7/5/2015,Brazil,false,11/14/2015,200108342
226080690,Nikolaus Blenkinship,2/7/2018,Sweden,false,9/22/2020,399135136
351339764,Hanan Pawel,8/26/2020,Russia,true,9/23/2015,388653389
228370503,Simeon Iacovacci,6/24/2022,Brazil,false,12/11/2024,238581879
373184345,Gerty Tuvey,12/23/2016,Canada,true,11/6/2022,270021505
202893013,Othello Havik,12/7/2024,Indonesia,true,12/17/2014,205963503
246139681,Rosamund Boobier,12/17/2014,Germany,true,8/31/2019,354261279
263615170,Jackie Eggins,6/3/2018,China,false,4/24/2013,208883269
305581739,Seymour Marshalleck,5/29/2021,Brazil,false,1/23/2024,283704544
379704508,Adrienne Bennis,5/24/2014,Poland,false,9/5/2018,251426543
336189041,Claribel Fleckno,5/1/2019,Brazil,true,12/25/2018,274119711
392254188,Georgetta Pirouet,7/22/2012,Indonesia,false,6/19/2015,316020906
201023740,Marty Ruilton,6/13/2017,Vietnam,false,9/13/2012,377914440
201574490,Hedwig Lombardo,8/14/2013,Chad,false,10/1/2019,245690795
230985062,Guinevere Sallenger,3/1/2017,Indonesia,true,5/4/2015,356587982
293460319,Antonin Vanetti,11/24/2020,Philippines,true,5/22/2020,340725123
247605672,Town Levett,1/24/2013,Syria,true,6/27/2016,295762296
336495706,Merell Rakes,4/8/2017,China,true,7/4/2016,279732852
355864562,Nonie McAlindon,8/23/2022,Russia,true,11/11/2014,248375662
256128697,Morgan Thraves,7/4/2015,Poland,false,6/18/2019,280616234
338811468,Artemus Bardwall,6/17/2021,France,true,5/19/2021,233150623
221242306,Borden Massel,7/3/2016,Argentina,false,3/28/2020,379951243
300475641,Tannie Meffan,6/17/2020,Ukraine,false,3/6/2017,274889509
355548763,Conway Saul,1/1/2021,South Africa,true,9/15/2013,246747251
300175215,Jareb Jellico,5/17/2013,Ukraine,false,5/28/2022,347424194
332379006,Rayshell Marfield,10/17/2019,Indonesia,false,9/9/2024,243721086
366577676,Tabbitha Perl,9/25/2024,China,true,8/6/2021,315144071
209363598,Borden Feronet,8/28/2014,China,true,12/15/2015,388018179
291605679,Elias Absolem,5/10/2020,France,true,4/14/2023,281234108
224072418,Rubina O'' Finan,6/28/2013,Albania,false,12/11/2022,301151080
391976998,Ken Carrel,4/7/2022,Indonesia,false,12/22/2014,390566738
336183310,Elga Exer,11/3/2024,Somalia,true,5/5/2024,264858813
279162903,Caren Brevitt,12/5/2016,China,false,3/31/2018,300450085
201254036,Pepita Moxted,11/22/2022,China,false,4/7/2020,327394917
202664217,Gretal Dominici,5/24/2024,Sweden,false,3/12/2019,312055676
232955031,Jarvis Headford,1/7/2013,China,true,6/9/2022,280616234
327763932,Celina Zmitrovich,2/26/2024,Indonesia,false,7/11/2018,374825404
363640250,Melina Roseveare,2/12/2018,Indonesia,true,1/24/2025,356333002
394104393,Celestyna Parradine,8/11/2024,China,false,2/13/2023,269424806
253262795,Geralda Bilbrey,3/9/2023,Russia,false,1/17/2024,378830059
365114064,Gaelan Hinstridge,2/1/2014,Bulgaria,true,3/22/2017,388663205
380434130,Gerick Sabattier,6/13/2014,Jamaica,false,8/2/2017,340452490
267080740,Arel Rosel,10/21/2018,Portugal,true,6/27/2022,313407648
279551773,Byrann Toping,5/14/2019,Thailand,false,2/26/2020,290623539
212080359,Deb Di Francecshi,5/29/2021,Indonesia,true,6/21/2012,266957357
366412971,Antonino Slyme,7/15/2014,China,true,2/22/2019,363467175
208440460,Jory Spadoni,12/20/2017,Brazil,true,6/28/2013,242918954
331533356,Wesley Gameson,11/10/2013,Brazil,true,10/21/2019,339780691
282270217,Meryl Cuttler,9/16/2014,Czech Republic,false,4/13/2013,365430101
308067037,Vincenty Hurl,2/26/2018,Russia,false,2/17/2025,353718237
325703543,Hoyt Brideaux,1/17/2015,Sweden,true,11/28/2019,258205421
334462705,Lesya Beattie,11/10/2020,China,true,2/5/2025,226104398
360741338,Emmaline Iacobini,3/19/2018,Sweden,true,5/23/2024,301151080
361491687,Luce Vallentin,7/22/2020,Nigeria,false,7/12/2017,319662043
246800330,Mitchel Styan,1/27/2025,China,true,6/29/2020,241427866
202016345,Lyn Borghese,6/1/2014,Peru,true,12/6/2020,241721124
277566045,Lynnet Goodby,11/16/2018,Iraq,true,7/7/2013,308495631
303431149,Monah Ilewicz,2/19/2018,Bulgaria,true,6/23/2015,384144782
284846341,Montague Killimister,10/8/2013,Japan,false,3/16/2015,243067402
363191482,Linnell Surmeyer,8/27/2017,Bangladesh,true,6/4/2016,210802677
244734320,Peggi Tideswell,7/26/2014,Ukraine,false,12/9/2023,305000610
269487475,Maynord Berriman,1/17/2013,Cuba,false,6/18/2015,281234108
284447754,Evvie Sargerson,9/5/2022,Czech Republic,false,8/8/2019,213808031
253978426,Willi Iiannoni,2/26/2019,Japan,false,5/13/2013,274915006
276844049,Brandy Trytsman,3/19/2014,Portugal,true,4/7/2020,271895377
389463594,Nataline Colleer,3/23/2015,Peru,false,6/23/2021,382010209
383964783,Ingrim Emmot,1/5/2015,South Africa,false,11/13/2024,324138391
361553907,Dael Wenn,9/4/2018,Argentina,true,8/16/2017,281416404
277315051,Melitta Morena,6/5/2018,Philippines,true,8/20/2024,228276412
300216978,Yancey Moore,10/25/2013,Indonesia,false,11/1/2016,364393261
300646671,Suzanne Ansley,11/10/2024,Japan,true,9/21/2023,274915006
321012271,Gavan Hague,3/9/2023,Tanzania,false,8/8/2016,258205421
379166994,Vinnie Mungan,5/29/2018,Greece,true,5/16/2017,308014761
277120619,Barth Fairn,1/22/2017,Poland,true,9/12/2018,305822152
256591894,Henderson Thow,3/31/2017,China,false,9/26/2012,277100270
349433867,Anthiathia Mehmet,6/18/2017,Portugal,false,8/11/2020,284623445
248983744,Leila Prisk,3/10/2023,Lithuania,true,1/6/2015,274119711
382658448,Delora Lindelof,7/3/2024,Ecuador,true,11/21/2019,293641810
239530457,Sibley Coope,7/2/2023,China,true,7/23/2015,391340078
313595996,Roobbie Geane,6/26/2013,Russia,true,6/30/2021,203379447
283773607,Aurel Buscombe,4/19/2014,Indonesia,true,10/18/2022,308943864
213884173,Meryl Aisthorpe,5/29/2019,Philippines,false,9/17/2013,350809770
242201869,Albrecht Burnhams,10/10/2020,Mexico,true,7/14/2016,243721086
260426541,Smith Roblin,6/22/2023,Japan,true,7/5/2020,374653439
364829160,Kimbell Cavey,12/14/2021,Poland,true,2/9/2016,223855399
232026145,Carmelina Woodroff,2/11/2020,Greece,true,5/7/2014,293636338
291572747,Rebekah Winch,7/2/2015,Japan,false,4/19/2025,300646140
283557827,Bancroft Brumen,3/21/2014,Colombia,false,7/20/2017,311956994
205798921,Heall Lamblot,9/12/2024,Sweden,true,3/3/2018,313074849
252793661,Kynthia Thon,11/27/2018,United States,false,12/5/2015,346947198
306025139,Edvard Rigler,5/3/2015,Spain,true,7/11/2021,368176516
303674939,Min Mossop,3/25/2016,Colombia,false,2/6/2025,293641810
305051864,Gunilla Kolodziejski,11/20/2014,Slovenia,false,8/17/2017,321513951
210883645,Paddy Kinze,9/20/2018,Poland,false,4/28/2019,364828613
247211376,Jeanna Wilse,1/22/2024,China,false,9/25/2017,357968945
333781587,Marty Heijne,4/26/2013,China,false,5/28/2022,319363423
343135245,Gran Rudgerd,12/20/2012,Russia,false,5/7/2020,223273382
377263712,Mufinella Refford,12/10/2022,Slovenia,true,9/27/2017,396504899
262518129,Elspeth Diggens,5/20/2012,United States,false,1/5/2014,289742489
218316623,Drake Elsip,1/24/2016,Ukraine,true,11/21/2016,257765711
284316004,Merl Sancto,2/13/2023,Panama,true,10/18/2023,228427433
270482058,Renelle Pearmine,10/14/2023,Sweden,false,8/10/2018,378709010
378512141,Prudy Thicking,1/9/2024,Finland,true,5/19/2015,323705284
270125328,Matteo Tizzard,10/8/2022,Ukraine,false,5/28/2019,317129515
261632064,Fidelio Dowsett,3/8/2016,Bulgaria,true,3/13/2013,396504899
244366853,Hewett Whapples,12/25/2021,Uzbekistan,true,12/18/2016,351796763
342406995,Gal McQuillin,4/1/2022,Portugal,true,6/21/2015,244016588
255066090,Chad Steptoe,4/2/2019,Liberia,false,11/27/2017,377850950
207335680,Kyla Dulwich,7/15/2019,Croatia,false,8/8/2022,284081930
233286953,Grier Maty,5/16/2013,China,false,12/31/2021,232458921
243313275,Sylvester Giblin,4/11/2018,Colombia,false,6/28/2017,246274678
318082956,Rubina Oldroyd,8/16/2013,Philippines,true,11/9/2020,363351164
208260486,Jed Houseley,4/12/2013,Philippines,true,6/8/2013,295177205
356326841,Janella Tansley,1/5/2014,China,true,4/7/2014,201644547
207473008,Elle Pavinese,3/11/2018,Russia,false,3/16/2015,231117923
234139170,Katharine Maykin,10/16/2016,Afghanistan,true,8/23/2018,305775479
350489477,Torrance Iliffe,9/8/2019,South Korea,true,10/7/2012,252529630
341385600,Jamey Scrivenor,5/21/2013,Portugal,true,3/30/2014,245690795
250701964,Roberta Vassie,2/20/2016,Afghanistan,false,4/2/2013,245014556
297037211,Audrie Bend,7/19/2012,China,true,2/26/2025,296223227
384217235,Ashil Olech,2/21/2023,China,true,10/8/2016,358813746
335382732,Miguela Henrys,1/14/2015,Poland,false,12/7/2019,322404281
385479394,Fina Tabord,4/28/2024,Indonesia,false,4/19/2017,367233403
299898830,Fabien Christensen,3/30/2014,Honduras,true,9/25/2014,282534546
231268558,Sophey Caroline,1/23/2017,Poland,true,2/21/2017,202200947
335605332,Erhart Pennock,1/24/2021,China,false,9/8/2013,246977429
374726448,Vladamir Banks,11/29/2023,Poland,true,7/24/2023,201219814
359626160,Zelig Braidford,1/7/2020,China,true,6/13/2012,350809770
324987387,Edeline Crozier,5/9/2021,China,true,11/10/2022,310105710
262001583,Darrel Keatley,12/12/2021,Indonesia,false,11/21/2016,237835165
261535236,Olympia Kohen,1/11/2025,Chad,true,5/18/2015,219945296
395662958,Pieter Bowmaker,4/3/2015,Russia,true,3/19/2025,384645307
369414484,Heddi Burgess,2/2/2021,Indonesia,true,6/26/2019,284880480
227596814,Valentino Tulloch,10/4/2012,Poland,true,12/7/2014,371740905
263425196,Bunnie Signore,9/1/2023,Indonesia,true,11/4/2022,262254332
269384920,Morrie Pollok,7/5/2017,China,true,9/13/2022,371424409
225948461,Wells Odlin,12/23/2014,Philippines,false,8/3/2020,275055603
315709918,Herbie Geertje,8/12/2013,Portugal,false,1/25/2015,388653389
214182329,Viv Harriskine,7/10/2012,China,false,6/22/2018,353343036
241205631,Godwin Taplow,10/17/2015,Indonesia,false,11/4/2022,209695508
393584508,Luciana Cleobury,4/4/2021,France,true,3/11/2023,283810760
368041368,Lolita Linggood,1/15/2023,United States,true,6/15/2024,200690871
315413811,Kimberley Lies,1/31/2015,Netherlands,false,9/20/2016,365430101
295826935,Bond Brammer,5/26/2016,Philippines,true,6/1/2012,236228877
260450127,Conrad Alsopp,11/10/2016,Indonesia,false,8/23/2016,396504899
282089165,Chrissy Hoogendorp,4/17/2025,Bulgaria,false,4/14/2015,379609474
353200575,Early Josling,8/4/2023,Turkey,false,3/13/2024,241721124
325655639,Waneta Naris,4/14/2022,Tanzania,false,5/28/2024,219006809
258724762,Bary Maior,5/13/2017,Benin,true,10/18/2016,386973062
355920550,Jasen Balcon,7/19/2021,China,false,4/22/2023,369520487
392103539,Waring Cooney,11/30/2016,Croatia,false,8/14/2017,391340078
220653528,Hilton Puttan,4/12/2024,Greece,false,4/7/2017,388361221
316813081,Christoph Chipchase,5/8/2013,China,true,2/16/2022,377850950
324215421,Kendal Brunini,9/1/2013,Indonesia,false,3/28/2014,336775749
290377501,Josi Bootes,1/2/2013,Philippines,true,5/3/2017,301358701
209185487,Dante McKeever,11/27/2017,Indonesia,true,4/1/2023,353718237
277892380,Alica Bampfield,2/13/2025,Indonesia,true,7/3/2016,361938088
296795976,Lexine Hexum,4/10/2015,Philippines,true,9/19/2021,293775283
275902567,Becca Drewe,10/13/2021,Sweden,false,6/16/2016,251162570
206744883,Jacques Godehard.sf,11/12/2017,Canada,false,4/14/2016,388530415
201831635,Garvy Martijn,9/5/2019,Brazil,false,8/11/2017,223855399
325348409,Rodrigo Ditter,3/22/2024,Brazil,true,12/15/2012,314740088
372429277,Perl Spellworth,8/12/2018,Brazil,false,9/10/2012,338022313
394521727,Brady Mather,6/30/2022,Russia,false,6/15/2024,352839301
268943548,Vernon Falkingham,8/6/2012,China,true,11/13/2013,356387799
309460217,Kane Robuchon,10/2/2024,Argentina,true,1/2/2025,272040058
243955271,Martelle Bangley,5/18/2017,Ukraine,false,6/20/2015,389239838
285915792,Sari Jarret,7/8/2018,China,true,7/24/2016,237909437
331891478,Neilla Goodliffe,7/18/2013,Sweden,false,1/9/2015,361276096
303045003,Bernadine Garretson,8/24/2017,China,true,9/19/2017,263078167
202277242,Pauline Barden,11/10/2022,Philippines,true,1/25/2020,246274678
218177643,Gerti Nuss,1/20/2020,North Korea,true,3/9/2019,374771040
272887052,Mora Chanson,8/22/2014,China,false,4/8/2021,283704544
228504044,Alyss Dyster,1/31/2022,Peru,true,5/23/2012,357968945
209988845,Stinky Treadway,6/23/2022,Brazil,false,9/2/2024,272040058
334505547,Shalom Lemery,10/11/2019,Philippines,false,9/9/2014,260476256
249012540,Rubetta Martinat,6/6/2012,France,true,6/4/2013,374653439
386794876,Wileen Filipowicz,4/26/2017,Portugal,false,10/9/2016,283305061
316527657,Patty Vannuccinii,12/24/2020,China,true,10/8/2019,391340078
248610562,Modestine Juza,3/24/2019,Sweden,false,5/25/2024,242555054
268605980,Pooh O''Leahy,10/9/2017,Syria,false,3/10/2021,339699166
263338655,Markus Aynscombe,7/13/2022,Peru,false,5/28/2021,275852431
258386487,Lutero McCully,1/13/2024,Dominican Republic,false,2/21/2024,358840417
304660659,Paulita Bilfoot,1/10/2025,Mongolia,false,3/29/2016,378526843
251581597,Brigit Karlsen,9/6/2014,Peru,true,3/28/2016,350289530
248564449,Munmro Daynter,10/23/2015,Syria,false,9/14/2021,276818040
342168258,Ricardo Eatherton,7/3/2015,Poland,false,9/18/2021,223172685
226819884,Winnifred Flott,1/24/2015,China,true,1/1/2018,323705284
306278247,Jade Giorgetti,10/5/2017,Russia,false,4/2/2025,308014761
365001721,Pia Shubotham,10/24/2021,Portugal,false,1/3/2021,260476256
305343037,Myrwyn Brickner,12/13/2020,Philippines,false,10/28/2015,331998282
376519533,Ashla Harnes,10/1/2018,Russia,true,10/26/2019,241721124
378025690,Serge Remon,1/25/2022,Peru,false,3/8/2017,388065715
349968264,Ree Pellatt,9/23/2017,Laos,true,3/13/2025,221012692
334891775,Barnett Annakin,9/3/2019,Yemen,true,1/29/2020,363467175
384076180,Rad Skally,9/18/2024,Poland,true,2/13/2017,219945296
261546718,Cecil Qualtro,6/19/2017,Brazil,false,3/27/2022,246747251
326722648,Minetta Spenceley,3/19/2021,Portugal,true,7/12/2016,336775749
255566522,Erinna Falkingham,7/28/2022,China,true,9/5/2018,234432821
382188079,Ginger Birtwisle,9/24/2013,Haiti,false,9/12/2015,221028192
381940222,Ajay Antonijevic,6/1/2016,Peru,true,7/12/2017,261022419
256352508,Care Pickrell,6/21/2017,China,false,10/23/2023,257765711
319189448,Putnem Shay,1/16/2023,Yemen,false,4/15/2017,291362183
382531077,Phillipp Doone,1/13/2019,Brazil,true,11/30/2024,299295849
368061677,Myrtle Darrigone,7/19/2020,United States,true,5/10/2012,278841422
283138764,Daven Corlett,3/8/2019,Ukraine,false,1/20/2023,344793955
305687332,Giavani Gentil,1/5/2017,China,true,7/13/2015,202200947
248652410,Erek Leveritt,2/3/2021,Canada,false,3/28/2024,228995103
273557219,Giovanni Dullard,11/11/2018,Indonesia,true,5/7/2012,367934616
346213514,Carolus Daniaud,10/15/2017,Vietnam,false,5/20/2022,360375569
218140453,Corissa Darlison,12/24/2021,China,false,7/28/2014,383260438
261628943,Judas Rustadge,11/4/2012,China,false,10/16/2019,249097254
345868881,Norean Gwinnell,9/15/2013,Sweden,false,5/21/2023,303704792
276259847,Joy Mountlow,5/24/2012,China,true,8/24/2016,266460172
396187165,Shara Kenderdine,10/23/2012,Russia,false,1/5/2025,213885334
216525919,Phyllida Banisch,11/3/2020,China,true,4/21/2017,260920961
226552451,Kristian Martinson,6/11/2023,Russia,false,6/15/2022,275863908
355913352,Tom Gobel,11/2/2015,France,false,9/12/2013,223777553
303066132,Kingsly Ody,3/14/2015,United States,true,5/12/2024,307707156
255064849,Aluin MacBarron,3/18/2025,China,true,3/26/2019,319662043
285639417,Netty Nijssen,4/17/2020,Japan,false,5/9/2018,294089571
280841926,Colet Bevington,10/4/2013,China,true,2/3/2015,353343036
275475465,Honoria Sawkins,4/4/2017,Indonesia,true,1/21/2025,340667509
245367763,Lyndsey Gullivent,10/20/2018,Portugal,true,3/17/2021,356073689
342835433,Angeli Massimi,12/2/2017,Vietnam,true,6/20/2015,270613865
229038059,Stacee McNirlin,7/8/2018,Canada,false,10/17/2013,354261279
338338714,Keary Badgers,10/30/2014,Venezuela,false,3/22/2025,210688627
286459306,Erna Basill,6/24/2019,Pakistan,false,11/11/2016,267041689
207009136,Case Deschelle,12/8/2021,Netherlands,true,3/14/2016,253483834
233928126,Beverley Matijevic,1/30/2024,Brazil,false,5/3/2014,204033204
398230083,Archy Seebright,2/6/2022,Poland,false,2/5/2020,203214656
374539961,Kaitlyn Mulqueeny,7/16/2022,Mexico,false,8/20/2018,374216804
210809981,Dulcinea Gouldthorp,4/9/2022,Vietnam,false,2/14/2019,361830580
243357873,Emera Sauven,2/5/2015,Tajikistan,false,10/12/2015,392492952
342149672,Link Malham,1/15/2021,Philippines,false,8/17/2024,296775162
244033369,Leda Milton,8/2/2017,Philippines,false,10/12/2014,390478400
354133993,Madelaine Haggus,6/25/2024,France,false,9/1/2022,282407180
224804060,Corly Flowerden,11/1/2015,China,true,4/14/2025,370437866
356315828,Ulberto Dictus,3/6/2019,Indonesia,true,12/2/2017,279075925
256391323,Fredrick Trustie,1/7/2021,China,true,4/25/2021,273028223
331203020,Giana Handyside,4/20/2013,China,false,4/6/2017,213885334
360587247,Nancy Ivanyushkin,11/29/2017,Thailand,true,6/10/2012,336775749
211814775,Jorgan Caunce,1/10/2018,Brazil,false,6/19/2023,237419094
380968823,Renato Fibbens,7/10/2015,China,true,11/14/2014,266460172
297056571,Jaye Darracott,10/30/2018,Uruguay,false,5/7/2020,206871228
380410219,Bowie Heyfield,7/16/2017,Burkina Faso,false,6/7/2017,289742489
353030263,Hy Maudett,7/11/2016,China,false,6/26/2019,340157710
239311159,Kippy Crosgrove,2/5/2017,China,false,9/24/2021,255117995
378575388,Karol Hartnup,8/23/2016,Panama,false,12/10/2012,299137077
385844502,Prudi Starkings,6/30/2022,Indonesia,false,5/12/2023,296223227
237576499,Tildie Syphas,1/13/2023,Portugal,true,9/14/2018,367934616
334987232,Zacherie Elderbrant,8/27/2023,Mexico,false,9/16/2021,214215314
233665026,Myrilla Novichenko,5/7/2017,Azerbaijan,false,5/20/2022,274286854
250500355,Devora Noddings,8/20/2018,Philippines,true,1/5/2016,335994998
203047531,Tiffy Garnam,5/8/2016,Ukraine,true,3/16/2016,385637499
214358056,Yul Bucknell,12/22/2013,Indonesia,true,6/12/2012,222484597
360318139,Kelcie McFadyen,9/21/2021,Philippines,true,11/19/2019,230416973
242203591,Brina Yersin,9/24/2020,Albania,true,4/6/2024,204730798
388043099,Peyton Pascall,5/29/2015,Serbia,true,1/27/2024,213885334
385134389,Euphemia Gliddon,4/28/2013,Portugal,false,5/30/2017,375559430
392366079,Torrie Kennaird,12/9/2017,Sweden,false,11/25/2021,383260438
376092660,Marita Immer,9/27/2015,China,true,11/27/2016,337974220
302024454,Goran Cossington,8/25/2013,Indonesia,true,3/12/2021,299727357
266991791,Geraldine Micheau,6/2/2015,China,true,1/28/2013,346562358
259784711,Merilee Fenn,12/15/2022,Russia,false,5/23/2024,284309790
348904436,Bernita Grimshaw,1/6/2013,Brazil,true,11/4/2016,253483834
363620722,Josh MacVean,1/12/2019,Thailand,true,5/16/2023,344961690
362776671,Demetre Malcolmson,5/17/2019,Indonesia,true,2/15/2017,343127064
209646655,Eugine Dellar,2/17/2015,Portugal,true,2/20/2023,223714913
339510780,Lina Broomhall,1/7/2021,Poland,false,5/14/2023,305821957
343203250,Anabel Ivie,4/3/2021,Argentina,false,11/14/2023,389279553
209809550,Ginnie Gillogley,6/11/2017,Indonesia,true,11/18/2012,378709010
372612466,Annemarie Gurling,3/18/2015,Portugal,false,11/29/2024,297423212
378771971,Christi Wainman,5/28/2021,Russia,false,8/16/2016,273028223
361692560,Koralle Garoghan,3/17/2022,China,false,11/8/2015,360336854
224781914,Maire Goggey,4/30/2018,China,true,3/13/2017,306114251
247022984,Alidia Jaye,8/1/2012,Brazil,true,8/3/2016,359769441
315563924,Birgitta MacDermott,7/10/2021,Syria,true,10/18/2022,344102682
300617701,Mallory Romero,1/18/2024,Senegal,false,9/12/2021,208453401
374276150,Cathe Crangle,8/14/2012,Indonesia,true,8/30/2013,246747251
365936911,Amanda Kennerley,5/28/2012,Brazil,true,5/18/2017,370258811
312585979,Nerti Hellewell,10/11/2015,Japan,false,9/29/2021,358585310
385239775,Avrit Seagar,7/7/2013,Mexico,false,3/14/2022,394390046
309310693,Jameson Popelay,1/20/2022,Vietnam,true,5/28/2022,361268680
368968896,Kelly Maycock,6/22/2020,Ireland,true,7/16/2019,220695067
238792052,Clarine Jonson,12/15/2016,China,false,7/15/2018,366053268
327313839,Lilah Karpenko,3/12/2013,Philippines,false,11/11/2017,397304863
234999051,Julianne Strafford,8/1/2020,Vietnam,false,11/8/2023,228276412
375224300,Dianne Bister,11/25/2017,China,true,9/22/2021,333492257
247868304,Nolie Bonder,12/18/2018,China,true,10/10/2013,368176516
253157516,Gabriellia Koene,7/8/2019,Poland,false,11/14/2024,388018179
319547454,Osbert Edleston,11/5/2023,China,true,5/21/2023,291921376
210183990,Radcliffe Strettell,5/2/2014,China,false,11/22/2024,316020906
223242038,Mildrid Slyme,6/14/2017,China,false,12/3/2012,273527143
390166975,Nickey Dods,4/23/2018,China,false,12/29/2015,353956085
243321131,Yoshi Shelmardine,8/29/2017,Russia,true,11/5/2016,363351164
298192573,Vinnie McAlpin,4/10/2014,Yemen,false,4/9/2015,300450085
366984986,Lanie Remirez,4/2/2019,Japan,false,6/14/2016,280616234
300047029,Tulley Logsdail,11/11/2014,Armenia,false,5/14/2017,299295849
266444021,Cloe Probert,11/9/2012,Greece,false,7/24/2018,245224154
279742148,Ara Jacquemard,5/26/2018,Croatia,true,9/20/2018,286557778
333594655,Carline Clymo,1/2/2016,Mongolia,true,1/7/2023,294535302
200645738,Shanda Beechcraft,9/19/2012,Canada,false,2/26/2019,208028120
220579956,Jamal Abberley,1/7/2019,Sweden,true,7/16/2017,282534546
254065753,Shir Philpin,6/20/2020,Nigeria,false,7/22/2019,295177205
378775088,Guendolen Geertz,11/16/2015,China,true,10/25/2018,374771040
222439682,Mychal Ricket,10/2/2013,Czech Republic,false,8/18/2021,365580767
304034684,Danika Grzegorek,12/25/2014,Benin,true,11/22/2015,311190054
292461119,Cedric Ellicock,7/10/2016,Sweden,false,11/16/2017,375967607
376405804,Davine Oswick,4/20/2022,United States,true,7/22/2022,284982501
249570001,Carlos Woofenden,2/17/2023,France,false,5/28/2019,339369046
360109223,Nikolai Dilley,5/10/2013,Indonesia,true,6/22/2014,321249807
313667825,Clive Skegg,11/29/2020,Brazil,true,7/7/2022,294553163
308713050,Rosina Dyter,12/13/2021,China,true,3/12/2020,294106881
277144909,Brett Newall,8/18/2022,Philippines,false,11/5/2024,368176516
354314822,Jacquenetta Attenborough,10/14/2020,China,false,12/16/2018,279732852
376935124,Alfie Bowker,5/31/2015,Ireland,true,9/28/2022,359197202
282627228,Shirlee Oakinfold,11/7/2022,Russia,true,4/30/2016,242484036
250127806,Cassondra Djorvic,2/2/2013,Portugal,false,8/4/2013,301173617
331672649,Bron Haire,12/4/2024,Vietnam,true,2/21/2021,367367526
211633099,Dudley Eastham,3/31/2025,Philippines,true,4/13/2020,395711833
237305306,Lorena Enrietto,5/26/2022,Sweden,false,11/26/2014,274915006
213112498,Haleigh Hedge,2/13/2019,China,false,5/26/2015,242555054
346843697,Osborne Arro,5/14/2016,Philippines,true,1/13/2018,202299209
228698728,Lusa McGarahan,3/13/2015,China,true,12/12/2014,278841422
211206385,Melony Veryan,12/10/2024,Sweden,true,1/25/2013,224612127
339720033,Nicolina Trahar,3/28/2019,Ukraine,false,3/9/2023,334990696
218318481,Camile Adao,5/13/2017,Sri Lanka,true,3/14/2020,306807649
343020504,Florina Mulqueen,5/23/2023,Philippines,false,12/17/2016,204730798
370429366,Lorettalorna Courtin,2/28/2016,China,false,7/10/2024,371424409
396777856,Slade Drackford,12/31/2015,Russia,false,12/14/2016,315302545
354389206,Hayley Bennedsen,4/15/2023,Brazil,false,1/13/2023,246090535
213177500,Jamaal Martindale,4/15/2021,China,false,3/18/2013,231749717
228499975,Eudora Sebastian,10/24/2015,Indonesia,false,1/7/2017,267925685
355266481,Vail Legion,8/22/2023,Russia,false,2/8/2014,293775283
272826133,Swen Vanyutin,6/4/2017,Brazil,true,11/21/2013,359792176
310172353,Ernestine Rosentholer,12/14/2016,Russia,true,12/24/2019,258205421
370483418,Rozamond Fortie,8/2/2021,Azerbaijan,false,5/15/2021,210802677
239545616,Auroora Rule,2/9/2014,Indonesia,true,5/26/2015,263787987
236633894,Coraline Elven,11/17/2015,China,true,7/8/2013,354107685
345809458,Demetris McBeith,6/29/2018,Portugal,false,9/6/2023,212476795
351109058,Tiffie Surcombe,10/20/2013,Sweden,false,8/17/2019,233930500
298434122,Osbourn Lawee,12/3/2021,Philippines,false,1/17/2015,324711445
205993999,Darell Tisun,5/9/2024,Japan,false,9/13/2016,301358701
386293924,Tabbi Elsay,4/26/2019,Philippines,true,2/5/2016,256300040
353037412,Dasya Gater,3/10/2023,China,true,4/12/2014,372556597
203960690,Wilie Meaders,8/15/2021,Indonesia,false,4/29/2021,225960727
384393000,Hyacinthie Simcox,8/9/2021,Montenegro,true,7/6/2014,365374641
255266592,Lyn Arrault,2/25/2013,Colombia,true,7/12/2020,245446946
338953999,Edeline Whitelaw,11/21/2012,Thailand,false,1/4/2021,292297758
244505470,Walker Hadlington,4/30/2012,Japan,false,9/20/2024,274800646
329055966,Moshe Honywill,6/11/2024,Ukraine,false,1/22/2024,325745757
279898858,Benedikta Lathee,3/11/2018,Colombia,true,10/3/2020,299295849
379708719,Alicia Rosel,10/27/2023,Kenya,false,3/5/2021,298509891
276680412,Ardis Durrand,7/12/2015,Morocco,false,6/24/2015,358331091
267634575,Jose Gauge,1/14/2017,Philippines,true,3/13/2017,244016588
301583259,Gabey North,6/11/2014,Russia,false,2/25/2013,258748168
287658167,Petunia Ikins,1/4/2015,Philippines,true,12/12/2015,237876544
277525887,Paige Greenshields,6/30/2015,Angola,true,7/30/2018,210755008
361596908,Iolande Cruft,8/11/2015,Tajikistan,true,10/25/2012,298976780
283348736,Udall Martinelli,4/24/2018,Indonesia,true,2/20/2013,353870348
233242008,Gardiner Gove,4/29/2017,Nigeria,false,8/19/2018,202982385
326504868,Grace Aiton,6/14/2019,Brazil,true,1/30/2015,359792176
330512077,Mufi Hawford,2/13/2024,Sweden,false,2/10/2013,302920511
275593117,Aluino Cornejo,9/4/2013,Czech Republic,true,1/1/2021,304000470
203925847,Diahann Tripe,7/12/2019,Poland,false,12/30/2023,245690795
359139360,Rodd Bartram,10/7/2024,Portugal,true,7/14/2024,293775283
303034738,Gardener Thomazet,6/22/2018,Thailand,false,10/8/2012,394429318
304628757,Peterus Esbrook,4/20/2025,Japan,true,11/18/2014,365580767
231375679,Timofei Marrow,4/19/2015,Indonesia,true,2/8/2020,325766029
216560845,Nikolia Ascroft,6/12/2024,Jordan,false,10/5/2012,377776452
397741121,Riva Shilling,11/1/2017,Russia,true,5/8/2018,352826820
270491085,Jordan Bawme,5/23/2024,Russia,false,10/2/2023,252016530
339551371,Faustina Gerty,11/21/2018,Poland,false,5/11/2015,276626038
344404659,Nealson Fretwell,1/4/2022,United States,true,10/8/2014,207574601
273750781,Bell Womersley,12/31/2012,China,false,9/21/2016,285349860
244057437,Torr Hemphill,9/1/2021,Iran,false,11/8/2012,258205421
244981461,Harman Aucott,9/17/2022,Lithuania,false,11/21/2019,214215314
367960439,Lilias Sherbourne,12/18/2018,Portugal,false,2/9/2017,327869122
234134389,Giraud Bradwell,6/1/2018,China,false,11/9/2021,257131963
355399952,Arv Jina,1/9/2017,China,true,1/20/2014,236228877
348773846,Eula Chasles,6/30/2013,Russia,false,12/9/2014,204456885
332491782,Ardyce Risborough,12/22/2013,China,false,11/18/2023,293775283
345030924,Ilyssa Suche,6/13/2023,Poland,true,1/5/2019,295653005
369917348,Hasty Kinson,1/9/2016,Myanmar,false,4/23/2017,373765798
207372848,Mindy Fishburn,10/28/2024,Russia,true,1/8/2015,237876544
244972104,Mei Kanzler,5/9/2014,Guatemala,true,12/25/2012,348234391
244762233,Eleen Ives,2/17/2014,Morocco,false,8/31/2013,386304486
201924016,Haskel Dillon,12/19/2018,Indonesia,false,11/12/2013,357968945
281403865,Doris Whitchurch,7/17/2021,Madagascar,false,2/21/2022,280099133
369733321,Tanhya Wrightson,6/6/2023,China,false,1/10/2016,203569883
383001351,Spenser Tottem,2/29/2020,Nepal,false,7/30/2012,266747398
287119921,Vina Shillum,9/15/2013,Sweden,false,3/30/2023,319363423
334846302,Marcos Metzel,7/2/2014,Ireland,false,5/13/2016,305821957
316057680,Kimbell Gritland,9/8/2013,Malaysia,true,12/27/2012,322404281
305120167,Durante Moulder,5/22/2021,Indonesia,false,8/10/2023,317637836
236952928,Arlyn Sturgess,11/29/2021,Sweden,true,2/27/2015,351309967
239826590,Pauly Shearmer,3/24/2023,Mongolia,false,7/21/2015,321068621
202024951,Ilse Watchorn,5/15/2018,Republic of the Congo,true,11/13/2016,242556814
326877337,Nikos Gyngyll,2/13/2018,Philippines,true,6/11/2024,237876544
282079640,Lisa Muffitt,10/16/2018,Czech Republic,false,4/28/2016,374653439
306179207,Nanny Gainsburgh,4/16/2023,Indonesia,false,1/25/2017,224579614
283010554,Lacy Brader,10/24/2020,Kazakhstan,true,12/12/2024,338117142
201835861,Prentiss Blaydon,1/14/2013,Ukraine,true,8/4/2015,374113637
374766730,Miof mela Sowte,7/21/2013,China,false,11/23/2016,252202220
330784270,Murial Whittek,7/18/2014,China,true,9/2/2016,363494233
364225025,Devland McKerton,2/28/2022,China,true,8/27/2012,295826506
285897554,Bethena Illem,10/13/2018,China,false,7/27/2020,281592429
283469543,Kipp Esler,12/3/2022,France,false,11/28/2012,348276145
356108620,Marcellina Herrieven,12/15/2018,Chile,true,12/5/2018,351907382
313064268,Loralee Bilbie,11/2/2014,Sweden,true,9/8/2021,222578365
338112683,Orren Rolse,5/27/2017,China,true,4/12/2020,213402816
361775565,Elvina Fowlds,9/7/2024,China,false,4/24/2012,273028223
306591520,Hal Kalker,8/19/2019,Sri Lanka,false,4/2/2013,285736896
202381730,Tessy Rikard,2/19/2015,Greece,true,8/4/2022,204456885
356670611,Derby Isakov,5/2/2024,France,true,2/1/2021,258205421
249190856,Selena Brunini,9/21/2022,China,false,11/14/2020,360142207
255709797,Bradney Smowton,9/26/2019,China,false,8/8/2020,395928920
231915236,Mayne Hourston,12/12/2022,Syria,false,5/13/2019,208746839
214247729,Abe Foulds,12/27/2015,Philippines,false,3/29/2017,321068621
200193513,Garrick Purvess,10/2/2012,Poland,true,9/11/2015,294838750
219529730,Vera Ketts,5/28/2022,Poland,false,11/18/2014,326239839
270968814,Prentiss Meneyer,5/28/2013,Poland,true,5/27/2014,291604371
323277467,Arly Gutsell,6/17/2024,Nigeria,false,12/30/2013,304619606
203387269,Berkly Beadell,5/26/2023,Ukraine,true,8/31/2023,386304486
202763753,Jacklin Markham,4/13/2020,China,true,6/21/2015,208734704
212054743,Amalee Cottrell,5/1/2016,Brazil,true,3/26/2025,392492952
287995004,Spence Plevey,12/18/2012,China,false,2/8/2023,238674355
237217814,Spenser Aldgate,5/15/2014,Indonesia,true,2/21/2022,251034684
222537177,Lillis Brunker,4/19/2015,Philippines,false,6/8/2012,373403558
227612253,Dacia Tynan,10/22/2017,Indonesia,false,2/26/2015,295762296
328491055,Garrik Trim,5/11/2024,Uruguay,true,4/2/2013,279732852
204204256,Shaughn Corkel,7/3/2023,Albania,false,3/10/2017,357795825
367165846,Lorene Buckthought,1/12/2024,Uruguay,true,9/15/2017,244246047
289910760,Pammi Elcocks,3/24/2020,Indonesia,true,2/25/2021,339369046
365378099,Paulo Touson,5/22/2015,Vietnam,false,4/24/2023,374738126
325797024,Nicoline Juzek,4/5/2023,Russia,false,6/28/2018,207124069
324914591,Peder Grealey,3/9/2016,Indonesia,false,3/26/2024,272198867
397076272,Whitby Nacey,7/30/2020,Brazil,false,1/9/2024,351907382
238058211,Myrlene Yakebovitch,12/23/2014,Indonesia,true,7/30/2019,242232631
230391603,Liane Hatrick,10/4/2013,Pakistan,true,11/3/2019,311684224
350624207,Dena Handyside,8/9/2012,France,false,6/20/2017,368882643
298301889,Penny Thexton,8/25/2016,Brazil,false,3/23/2015,209156470
246699000,Kala Littrick,3/8/2025,Canada,true,3/26/2015,203214656
214055519,Berenice Blare,5/8/2018,Philippines,true,2/25/2014,224759203
352594765,Goldarina Bedson,4/4/2019,Russia,true,1/17/2015,356333002
268764246,Dorelle Sherrock,7/27/2019,Canada,true,3/24/2020,351750127
354882679,Gabriellia Di Carlo,10/14/2019,South Africa,true,8/18/2022,332807583
373058955,Dalt ducarme,9/2/2019,Indonesia,false,9/15/2021,323209358
256761247,Gareth Raddish,11/3/2023,France,false,5/8/2021,360142207
398792872,Patricio Richardes,7/6/2013,Japan,true,11/25/2020,301173617
322308286,Aldwin Ayrs,12/12/2012,Guatemala,true,4/18/2016,391340078
369072388,Giacopo Traut,3/18/2015,Russia,true,6/1/2013,311705792
250201510,Shandy Lapslie,12/16/2020,Czech Republic,false,4/30/2022,361268680
390987261,Gerladina Watkin,8/23/2013,Philippines,true,4/10/2018,257131963
212668880,Fernande Guinness,9/1/2020,Russia,false,3/24/2015,205353793
315356461,Dorothy Thickett,9/23/2015,China,true,9/2/2023,278841422
304725297,Renado Rubartelli,5/8/2012,Ireland,true,6/1/2022,236498377
324175065,Pail Alphege,2/12/2015,El Salvador,false,2/9/2014,258205421
304183974,Darice Soars,9/27/2015,Chile,false,9/15/2023,304831887
227178017,Zebadiah Letessier,3/1/2016,China,true,5/31/2019,390478400
385041450,Logan Golledge,5/18/2015,Russia,true,3/2/2025,350289530
354272401,Brady Beeswing,9/4/2016,Georgia,false,11/20/2016,254044624
355431846,Nola Rouf,12/27/2012,China,true,3/29/2017,236498377
275690930,Stephanie Margery,9/3/2015,Indonesia,true,10/7/2015,253483834
286286259,Isabelle Maroney,11/20/2016,Philippines,false,1/5/2020,236228877
203390876,Zolly Giannotti,5/13/2015,Jordan,true,10/14/2014,353643690
297463194,Audy Dorkin,10/14/2021,Russia,true,9/27/2019,238674355
269001236,Jamesy Hickin,2/13/2023,Brazil,true,7/8/2023,304831887
259080374,Georgie Cowlard,4/17/2017,Indonesia,true,12/28/2022,288631950
274562659,Freddy Hodinton,3/12/2014,Indonesia,true,3/11/2013,301358701
373131136,Corrie Davoren,9/10/2017,Vietnam,false,2/11/2020,320670683
261673166,Eddie Lampel,10/2/2020,China,false,2/1/2025,282534546
389514111,Kiersten Slisby,9/11/2024,South Africa,true,9/27/2012,247450143
337404588,Jeramie Destouche,9/18/2020,Russia,true,9/26/2018,259426698
330854348,Valera Keslake,4/5/2023,Brazil,false,5/31/2012,321706539
208382609,Arabele Iacapucci,6/30/2015,China,true,4/5/2018,296775162
360505402,Paulina Middell,4/21/2015,Tunisia,false,1/30/2016,308495631
379908862,Margareta Gorick,11/20/2013,China,true,2/23/2024,248375662
232847016,Marcel Ebbitt,10/4/2020,Russia,false,10/14/2014,286274779
209549920,Frannie Davisson,8/24/2018,Indonesia,false,3/21/2021,263787987
278678531,Duke Tooth,5/8/2024,Vietnam,true,5/14/2020,331998282
201389123,Jasmina Garber,7/20/2018,Indonesia,false,8/8/2012,358840417
251219945,Caprice Wellan,6/30/2022,Iran,false,9/9/2021,208734704
270462637,Brandi Martusewicz,8/5/2015,China,true,12/16/2016,301175239
263277330,Stepha Harvie,3/7/2022,Tanzania,false,5/12/2018,229166017
242903487,Carlynn Bohlje,6/7/2019,Czech Republic,false,9/20/2012,357381207
322967737,Winn Meere,12/20/2019,China,false,3/30/2023,367640842
249049085,Ginnie Bernhart,12/16/2023,Portugal,true,8/18/2020,226104398
312688867,Levin Leece,5/10/2018,China,true,5/19/2016,280099133
311600302,Nikola Stigell,4/10/2025,China,false,10/3/2019,296223227
356629438,Aubrey Townes,7/28/2019,Poland,true,4/16/2015,280099133
306751566,Moritz Stormonth,8/7/2018,Indonesia,true,5/12/2024,397507118
201366171,Erastus Cosgreave,7/14/2021,China,true,12/28/2018,315144071
343835207,Deva Sivewright,3/5/2019,China,false,7/14/2024,382010209
389318221,Sibella Jertz,12/12/2018,Indonesia,true,1/6/2015,230691780
341342626,Ronda Lifton,6/10/2014,Indonesia,true,12/17/2014,371424409
207364382,Pepi Groome,3/2/2016,Tajikistan,false,1/27/2017,386750626
270390230,Victoir Kender,12/30/2019,Sudan,false,8/31/2023,292961906
334233235,Kirsten Edgler,5/22/2022,Jamaica,false,7/20/2023,210802677
301733319,Moshe Cowley,12/29/2020,Somalia,false,10/16/2022,235796089
203065435,Sophia Verbeke,6/25/2023,Peru,true,6/13/2020,309174032
255055307,Tedd Whaymand,6/24/2021,Canada,false,5/11/2017,329858172
341677911,Mendie Adlard,6/9/2019,Russia,true,6/5/2013,257131963
303586518,Dexter Goadsby,10/18/2020,China,false,11/10/2016,273527143
268421852,Bettye Wall,3/17/2014,Russia,false,6/9/2019,206871228
294598530,Tadio Higgonet,7/31/2012,Philippines,false,4/26/2024,371457999
313890259,Ladonna Offord,6/13/2020,Philippines,false,8/1/2019,382010209
362429736,Dell Yeude,7/15/2021,China,false,1/4/2018,291482115
280642654,Meridith Endean,2/13/2018,Portugal,false,8/15/2018,300646140
334019963,Kaleb Oleshunin,2/6/2020,Ireland,false,9/9/2015,263078167
367074584,Garner Brettelle,4/16/2019,South Africa,true,4/5/2017,252016530
395255448,Cullie Caser,10/26/2024,Indonesia,false,4/27/2017,315302545
259813045,Cassie Janes,3/4/2014,Ukraine,false,4/10/2025,285581506
358764875,Paquito Fritz,8/8/2014,Vietnam,true,4/11/2023,351750127
309114015,Candie Quimby,8/8/2021,Israel,true,11/14/2020,264858813
391324297,Kim Linzee,6/25/2015,Bulgaria,true,2/15/2020,208028120
231535003,Tracie Plumer,11/9/2022,Portugal,false,1/19/2025,301358701
313897351,Arlen Illyes,1/20/2024,Latvia,true,8/30/2012,256300040
311220293,Melantha Hyne,10/6/2024,Indonesia,true,11/2/2015,364248290
273133406,Tilda Crummie,11/19/2012,Kazakhstan,true,9/30/2013,283810760
345526244,Bobina Ruller,5/22/2014,United States,true,2/10/2024,259426698
252352825,Shawn Musicka,10/7/2023,Poland,false,10/19/2021,204033204
349448371,Allister Kidson,9/3/2013,Portugal,false,10/22/2023,325761772
285420974,Meryl Tucsell,8/3/2024,Russia,false,8/20/2015,286855996
357577046,Virgie Myott,8/30/2018,Philippines,true,4/10/2022,323872905
213297622,Edyth Raybould,7/4/2022,Indonesia,false,12/16/2022,209695508
224965277,Ellette Byrne,8/4/2015,Portugal,false,11/7/2012,373136822
393449708,Orton Driver,9/25/2012,Indonesia,true,10/14/2023,256338647
396826876,Fairfax Heed,8/5/2020,China,false,10/14/2021,246274678
341395460,Shandeigh McPharlain,6/18/2022,Brazil,false,9/18/2022,351236682
288598985,Estell Garwell,5/10/2019,Indonesia,false,6/18/2020,274458482
394254803,Pepi Pales,1/4/2016,Myanmar,false,6/16/2017,234445423
218822085,Gustav Hazelgreave,3/7/2014,Brazil,true,3/14/2016,226744841
229032254,Wylma Trevan,12/10/2018,Ukraine,false,10/30/2012,356387799
265782899,Hayyim Dalgleish,6/23/2020,China,true,9/19/2016,215713601
396178732,Shaina Rosevear,5/15/2013,China,false,8/22/2017,354173991
237393097,Davie Verdey,8/10/2013,China,true,8/19/2012,295826506
292709712,Felisha Mohring,11/24/2022,Poland,true,8/29/2023,286617222
381247942,Crosby Brearley,1/29/2013,Afghanistan,true,2/11/2022,347103482
231814380,Malvina Andrei,4/28/2013,Indonesia,true,4/10/2021,201219814
399857801,Babita Lynnett,6/15/2023,United States,true,4/23/2013,389239838
226325792,Thaine Uttermare,3/5/2025,Indonesia,true,7/13/2018,354173991
345953826,Carly Sarginson,9/30/2013,Guatemala,true,7/30/2022,352769256
290271007,Esta Trail,12/2/2018,South Korea,true,11/13/2018,266747398
357180694,Letitia Keston,2/9/2024,Belarus,true,11/26/2022,272170787
373027829,Ricki Verden,6/24/2024,Indonesia,true,6/16/2020,221260688
360288138,Myrtie Flarity,9/30/2023,China,true,10/13/2017,359764565
382157485,Euell Timmes,12/14/2013,China,true,12/2/2014,361447850
283707596,Cary Pottberry,7/16/2024,Ireland,false,2/4/2023,393788003
308222504,Eleanore Eschalette,2/12/2013,Finland,false,6/6/2016,293225353
389949359,Tersina Sunman,10/8/2024,Yemen,true,7/18/2024,378255929
255105399,Carena Smoote,4/25/2021,United Arab Emirates,false,9/30/2017,242556814
303685092,Mandie Harron,3/13/2014,Canada,true,4/7/2014,310105710
288768970,Kipp Newark,2/28/2016,France,true,10/3/2019,358735382
259954688,Carlyle Primak,11/21/2022,China,true,6/2/2017,382010209
280505823,Royal Turvey,12/28/2016,China,true,1/17/2022,274609279
253538206,Randee Krolman,7/20/2019,Peru,false,8/11/2014,276126169
259015145,Humfrey Blakeway,5/26/2024,China,false,7/8/2012,350748065
332656798,Sig Coniff,6/5/2019,South Korea,false,2/9/2013,377850950
260876825,Abbot Thomas,11/29/2017,Belgium,true,7/10/2021,237419094
364382751,Thorsten Dawidman,9/29/2024,United States,true,3/27/2020,332807583
352028187,Clywd Jillions,9/11/2024,Canada,false,12/21/2022,353343036
221218009,Allan Lopes,9/22/2012,China,true,11/20/2013,395460526
283856525,Tracey Bramont,9/7/2016,Cyprus,false,3/4/2022,219613199
378419163,Marlena Tollit,12/18/2023,Brazil,true,2/25/2016,301169424
373077454,Thorstein Spencelayh,5/22/2024,Indonesia,false,5/6/2019,317129515
258313787,Iver Duley,4/1/2017,China,false,3/19/2022,236498377
246697493,Lorne Darwent,8/20/2018,France,false,6/23/2018,340152119
202548124,Karry Jedrzejewsky,7/19/2019,Japan,false,11/3/2022,391527068
331556831,Mable Toby,8/15/2021,Indonesia,true,12/25/2016,244102390
241512375,Justinian Winser,7/14/2020,China,true,4/5/2014,397461248
247305462,Tanitansy Rogger,11/2/2015,Russia,true,10/28/2014,364248290
372183437,Mikaela Grayham,8/26/2024,Mexico,true,4/6/2013,277136879
280992924,Blondell Brackenridge,2/7/2021,China,true,3/23/2024,287358830
268590989,Frayda Pinnigar,11/17/2014,China,false,9/26/2015,353718237
248706055,Chaddy Crocket,4/14/2017,Brazil,false,7/6/2024,208093984
374661383,Moshe Whitwell,7/19/2023,Morocco,true,5/13/2022,305822152
393042444,Arthur Swiffin,7/12/2017,Kazakhstan,true,6/24/2012,360336854
204124256,Urban Cavozzi,10/24/2019,Poland,true,11/9/2024,349701757
268247606,Lonny Devaney,11/8/2019,Greece,true,10/17/2012,389252644
262040343,Averill Banasiak,2/12/2023,Brazil,true,1/24/2020,244246047
340779713,Vinnie Simonini,3/13/2018,Thailand,false,9/3/2021,261187618
255033951,Gallard Blague,10/11/2017,Greece,true,2/9/2024,282534546
376753347,Mommy Crooke,12/2/2021,Ukraine,true,11/8/2018,270095015
224057091,Gerardo Boriston,1/25/2017,Philippines,false,7/8/2021,324217925
288793633,Netta Bloomer,9/29/2021,Brazil,true,5/25/2024,299295849
270847430,Morganica Turpie,3/23/2017,Indonesia,true,2/17/2021,223172685
360957857,Darrell Bartoloma,8/17/2013,Philippines,true,9/29/2024,283946006
252989794,Rancell Guilloud,11/26/2018,Kazakhstan,false,6/12/2013,353343036
322991071,Elisabeth Tuxill,1/19/2014,Brazil,false,9/22/2012,231117923
240682184,Cathleen Olexa,10/30/2024,China,false,11/23/2017,253550220
301208392,Elliot Janouch,9/4/2015,China,false,3/18/2023,307414383
316711946,Monti M''Quharge,2/26/2013,Egypt,true,10/16/2024,382010209
337722385,Wylma Hounsom,2/27/2022,United States,false,9/2/2021,224579614
240548219,Marybeth Martinyuk,8/5/2021,French Polynesia,true,5/23/2018,249565921
204167677,Roth Sember,11/5/2012,Russia,true,2/8/2017,315504196
246337437,Fionna Brindley,9/29/2013,China,false,2/21/2017,366375142
202222049,Violet Eick,5/4/2014,Indonesia,true,5/8/2023,244824002
213921862,Breena Gwilliam,1/21/2015,United States,true,5/26/2012,293641810
374605836,Grete Pollett,6/6/2015,Mexico,true,8/19/2022,240670042
255040269,Phyllis Atter,10/28/2024,China,true,9/29/2014,358813746
353336360,Cody Havoc,2/10/2023,Poland,true,5/3/2020,306807649
271582322,Cordula Spinnace,11/28/2014,Belarus,true,9/21/2014,241427866
263026972,Mercedes Assel,7/21/2023,Myanmar,true,3/11/2014,295402783
224952102,Melinde Norsister,12/22/2022,Colombia,true,9/13/2016,283305061
274260761,Nerita Knappitt,1/17/2019,Indonesia,true,2/1/2020,264023069
380922554,Trace Jonk,9/5/2024,Russia,false,5/21/2023,321249807
392777712,Vonnie Brittan,2/29/2016,Russia,true,11/18/2012,293702905
386769973,Saundra Upward,3/12/2019,United States,false,7/24/2015,346947198
236660242,Tracie Roddick,10/16/2022,Russia,true,5/1/2015,364248290
397043368,Rosetta Lambdean,4/13/2020,Cuba,true,9/14/2023,392942839
279690197,Giselle Ruby,10/29/2018,Indonesia,true,5/20/2012,344961690
259371566,Holli Tague,11/3/2013,Latvia,true,10/13/2018,256639547
229914206,Willem Aldham,3/22/2016,China,true,12/21/2012,275852431
239294990,Lelah Rivlin,9/21/2016,Poland,false,9/28/2019,296775162
308239093,Hank Trobridge,2/16/2023,Colombia,false,3/25/2018,313074849
341377261,Barbara-anne Shackel,5/21/2015,Portugal,false,11/11/2024,292453644
357834999,Emilee Asif,10/13/2020,Russia,false,8/26/2014,266091573
287943854,Woodie Trippett,12/28/2012,Indonesia,false,10/28/2024,274119711
360289544,Chalmers Arnald,8/20/2012,Ukraine,false,2/12/2013,301887079
309607913,Filmore Torrie,5/15/2019,China,false,11/28/2016,296775162
380006448,Sumner Quince,8/4/2016,Russia,false,8/9/2019,354967982
315028829,Eugenius Gregine,5/23/2018,Honduras,false,7/26/2021,274474241
328339007,Nady Aimable,5/7/2015,France,false,4/19/2022,398704377
208838192,Kriste Windley,5/18/2013,United States,true,7/21/2014,258748168
376973261,Ingram Edworthie,3/15/2018,Greece,true,10/8/2019,238581879
236095072,Trevor Barts,12/11/2024,Portugal,true,3/26/2025,345370170
256087251,Randi Merwe,11/3/2023,China,false,6/19/2015,224319778
348425284,Jerrine Braunthal,10/15/2022,China,true,1/19/2017,274889509
321088835,Christal Greensted,11/27/2022,Azerbaijan,true,6/6/2012,219006809
359764675,Quinlan Frodsham,1/25/2023,China,false,11/20/2015,311943015
346800241,Marinna Haggart,1/5/2017,China,false,3/29/2016,310190013
276541913,Lonnard Ashford,1/21/2016,Portugal,true,10/4/2019,226338573
244433658,Kelcy Woodrow,1/9/2025,China,true,3/1/2023,384645307
363818835,Elvira Rielly,6/29/2016,China,false,1/26/2017,387005961
217513928,Kalie Lowsely,6/1/2024,Nigeria,false,8/8/2018,354358974
293560763,Roger Gouinlock,10/28/2021,Latvia,true,11/25/2014,324711445
374337007,Catina Rewcastle,1/12/2019,Poland,false,9/23/2014,313975253
259787945,Lorilee Hannond,1/28/2025,Mexico,true,10/1/2015,343865411
230806856,Trudie Garbott,12/7/2015,Cuba,true,11/10/2018,361830580
330392791,Wendall Lindsell,2/10/2020,Madagascar,false,9/2/2012,228276412
311798135,Louis O''Collopy,5/9/2012,Ireland,true,4/6/2019,365374641
354196232,Minnnie Farrey,3/14/2025,Brazil,true,4/6/2019,214215314
287838903,Aguistin Feather,6/1/2024,Philippines,true,12/2/2015,208028120
309438662,Yehudit O''Dee,9/19/2020,Brazil,false,1/8/2016,241493133
210917928,Claiborn McShirie,12/12/2016,Russia,false,4/20/2019,313097125
263193624,Risa Powles,11/21/2021,Portugal,false,10/14/2020,310190013
380073692,Annelise Eadington,4/14/2024,Mauritius,true,4/15/2020,232097006
318918502,Michal Pitherick,2/6/2022,China,false,3/24/2016,396504899
309000606,Laurens Beefon,3/30/2019,Portugal,true,6/11/2013,354967982
329960163,Isacco Card,6/28/2018,China,true,4/24/2012,321249807
301340717,Robin Croneen,1/30/2019,China,false,3/25/2022,310190013
361825540,Stinky Pelling,7/20/2021,China,true,3/13/2024,200160277
324665118,Ferd Townrow,6/24/2024,Australia,false,2/22/2024,229077371
225269198,Anni Kirsop,8/2/2021,Macedonia,false,7/11/2023,285736896
331101421,Mechelle Wasiel,1/25/2021,Nigeria,true,10/12/2024,392039495
385922528,Nannie Wilcocke,2/15/2023,Denmark,false,4/22/2014,244016588
220660974,Catlaina Hutchinges,1/19/2023,Czech Republic,false,5/24/2023,364828613
225694670,Julia Aps,12/9/2024,Peru,true,10/2/2024,296223227
331562172,Paton Wanless,8/25/2016,Thailand,true,6/29/2019,328923208
330777025,Shena Rissen,8/15/2022,Brazil,true,3/24/2017,310190013
347150503,Rosalind Dixie,1/27/2022,Luxembourg,false,10/12/2021,223855399
308531539,Caz Ash,3/14/2022,Indonesia,false,8/30/2020,310105710
255383870,Elvyn Attwooll,12/28/2019,Botswana,true,10/2/2018,254063288
220342053,Corine Willcock,12/9/2014,Croatia,true,7/18/2019,396504899
376620202,Marjy Portman,12/7/2021,Iran,true,9/7/2017,310105710
389973272,Blake Gidney,8/25/2020,Vietnam,false,3/13/2017,393788003
309714392,Ruperta Tunna,9/14/2020,Belarus,true,1/27/2024,234445423
383716198,Hilly Mayor,7/8/2019,Russia,true,4/18/2025,351165119
276701628,Guenevere Durnall,12/9/2020,United States,false,6/15/2023,219613199
374742354,Kylie Slowly,10/24/2024,United States,false,4/23/2016,272198867
309648576,Sara Larrington,12/3/2023,Mali,false,11/3/2024,261187618
277816384,Claiborne McWhannel,1/1/2025,Japan,true,11/26/2019,361447850
328783579,Gillie Ironmonger,7/19/2013,Bulgaria,false,4/17/2017,361830580
382657341,Quintilla Lowton,3/9/2018,United States,true,8/13/2017,228995103
296636466,Eleanor Niesegen,2/13/2021,Spain,true,7/4/2018,224872844
315286580,Vidovik Davinet,3/19/2021,United States,false,12/31/2016,305000610
213493713,Britni Egdale,4/30/2024,Azerbaijan,true,10/27/2021,237835165
205314702,Wilona Izak,11/15/2016,Japan,true,3/31/2017,315302545
352574136,Quinn Westrip,11/12/2020,Yemen,true,5/9/2022,254566597
316668564,Catlin Armstrong,3/5/2013,Pakistan,false,5/30/2022,253483834
263968984,Dorise Juris,12/18/2020,China,true,9/24/2018,253483834
329954450,Jamaal Butler-Bowdon,12/17/2013,Philippines,false,11/22/2024,357381207
208563698,Rodina Vasyushkhin,7/19/2013,Russia,true,3/23/2025,270445707
202292146,Lizabeth McAndie,2/26/2014,France,true,2/2/2022,303704792
289984835,Nerty Foskin,4/26/2018,United States,true,1/6/2020,266460172
214741972,Livvie Pendall,12/16/2016,Indonesia,true,6/28/2020,302196707
332795799,Lisetta Atthowe,3/17/2021,Bulgaria,true,7/23/2022,218755135
240780076,Perren Delaney,3/16/2020,Thailand,false,2/7/2022,257071313
345901522,Pietrek Lampet,12/20/2024,Ukraine,false,10/3/2016,344579587
329899740,Dorey Wedon,5/15/2024,Bolivia,false,9/28/2018,337785731
394093969,Aida Bonnell,12/14/2020,Portugal,true,12/25/2015,214215314
303476198,Reinaldo Crucitti,1/26/2019,China,false,11/3/2014,361938088
228538339,Lazar Checcuzzi,8/18/2023,United States,true,12/7/2020,327464097
224906349,Barbey Wyldish,2/4/2020,Colombia,true,10/6/2016,220387206
264631670,Yankee Goodbar,9/16/2024,Russia,false,7/12/2020,208093984
237136508,Jock Siebert,11/13/2012,Philippines,true,5/4/2024,332492906
347458208,Dave Leacy,2/18/2021,United States,true,4/8/2014,384144782
324261612,Jorgan McAlindon,3/24/2015,China,true,1/12/2016,244016588
366135150,Simonne Furnell,7/21/2023,Croatia,false,3/21/2022,324217925
242825285,Denny Barhems,10/17/2016,China,true,5/23/2016,339834843
288179547,Brandice Gravenor,2/23/2023,Argentina,true,10/5/2017,297423212
266576678,Dalli Lepoidevin,4/15/2021,Slovenia,true,9/22/2015,352826820
