ContractID,CreatorID,ProductionID,StartDate,EndDate,Payment,RoleContract
1,851,600,2006-11-07,2022-11-25,21664.83,Actor
2,681,414,2021-10-15,2024-03-18,52797.49,Co-Producer
3,204,104,2002-03-11,2027-11-26,51606.1,Supervisor
4,411,192,2019-09-03,2026-09-27,26324.22,Producer
5,22,45,2004-08-24,2027-04-07,28230.56,Co-Producer
6,447,34,2006-07-10,2022-11-03,60755.67,Producer
7,117,282,1995-05-25,2026-10-26,22352.73,Main Actor
8,476,43,2003-09-11,2026-05-13,35447.65,Writer
9,900,287,2018-06-20,2022-07-11,58740.29,Writer
10,216,168,1995-04-22,2025-08-20,31773.78,Co-Producer
11,166,440,1999-03-10,2028-08-12,56563.5,Supervisor
12,839,637,2016-02-22,2028-06-21,18906.28,Writer
13,371,232,2006-05-04,2023-09-01,30008.69,Main Actor
14,375,4,1995-05-26,2023-07-18,46494.52,Actor
15,459,159,1991-01-13,2025-04-08,11079.5,Co-Producer
16,661,329,2018-02-28,2027-08-15,26256.57,Director
17,524,460,2004-06-02,2023-05-14,75906.19,Actor
18,830,496,2001-12-18,2026-01-16,25178.66,Co-Producer
19,3,545,2010-05-04,2028-08-12,57545.92,Producer
20,531,551,2009-12-06,2025-08-04,10868.61,Actor
21,275,528,1990-08-07,2024-10-15,10588.26,Main Actor
22,471,106,2018-05-31,2025-11-03,17535.73,Actor
23,799,221,2016-02-22,2027-06-02,56341.61,Main Actor
24,172,158,1998-06-16,2026-06-05,34324.81,Producer
25,331,811,1990-07-06,2028-12-24,18233.65,Writer
26,318,484,1998-12-15,2027-09-14,73185.08,Actor
27,98,338,2010-12-02,2023-09-15,23690.39,Supervisor
28,400,398,1994-04-24,2023-02-14,27725.87,Main Actor
29,17,36,2005-06-04,2027-12-15,65012.38,Director
30,451,866,2019-03-08,2022-10-24,35093.0,Supervisor
31,716,772,2005-04-01,2024-06-29,76172.49,Producer
32,391,379,1992-01-19,2023-07-09,55678.03,Main Actor
33,141,218,2009-11-08,2026-03-11,65345.52,Director
34,699,610,1999-07-17,2026-04-06,42105.59,Actor
35,382,440,1993-08-12,2025-12-02,28424.46,Director
36,578,533,2004-10-16,2027-03-22,14436.92,Writer
37,717,121,1997-03-19,2028-03-08,12091.86,Main Actor
38,754,823,1990-11-28,2029-03-29,67804.55,Director
39,104,722,2010-09-29,2028-01-04,62330.42,Writer
40,810,237,2010-08-31,2028-02-23,60914.02,Writer
41,796,306,2018-02-15,2026-10-08,64919.2,Supervisor
42,495,552,1990-10-17,2022-08-08,72861.65,Supervisor
43,377,79,2007-05-11,2027-06-24,50738.99,Writer
44,40,28,2014-07-14,2027-10-05,30968.02,Director
45,48,260,2012-01-11,2024-12-04,40070.39,Supervisor
46,483,77,2003-09-21,2023-12-19,22444.87,Main Actor
47,862,724,2001-10-17,2028-03-22,66533.5,Writer
48,325,366,1999-04-14,2029-02-13,47045.48,Supervisor
49,182,561,1993-08-30,2027-04-03,63465.32,Supervisor
50,120,314,2005-02-18,2029-01-19,51283.9,Director
51,535,559,2014-09-16,2026-11-24,38475.53,Producer
52,431,389,2003-01-18,2027-07-16,21672.73,Producer
53,191,751,1994-06-28,2028-08-26,68888.79,Co-Producer
54,272,194,1991-10-03,2025-03-18,32594.6,Director
55,616,243,2012-12-12,2024-10-11,33815.15,Actor
56,306,714,2020-08-23,2023-11-21,61699.31,Main Actor
57,713,317,2003-09-27,2023-06-19,44833.9,Director
58,679,119,2006-07-24,2023-08-21,14777.75,Actor
59,458,234,2009-09-04,2022-05-31,59134.42,Main Actor
60,43,64,1995-06-12,2023-11-07,52217.46,Writer
61,685,701,1999-05-20,2028-09-24,67376.66,Director
62,297,198,2003-08-25,2026-11-17,51211.14,Writer
63,99,756,1999-07-03,2027-09-27,28438.92,Writer
64,732,500,2020-09-12,2023-02-04,23529.83,Main Actor
65,654,305,2011-05-06,2024-06-05,42669.44,Actor
66,141,240,2001-08-02,2026-01-23,34553.49,Supervisor
67,673,829,2015-03-30,2023-02-17,67389.7,Co-Producer
68,710,785,2015-04-14,2023-01-10,15550.2,Supervisor
69,687,684,2017-09-29,2024-09-28,17988.48,Co-Producer
70,896,658,1992-09-01,2029-03-07,58783.07,Main Actor
71,323,209,2001-11-10,2026-05-11,34672.06,Producer
72,116,347,2001-12-29,2022-08-26,75589.55,Director
73,685,620,1994-12-22,2024-08-17,71766.96,Writer
74,797,630,2002-08-16,2022-09-16,66015.63,Co-Producer
75,774,700,2005-03-19,2027-11-22,33285.76,Actor
76,711,318,2000-11-29,2027-08-05,41562.51,Main Actor
77,128,679,2001-11-20,2028-02-18,60051.09,Main Actor
78,353,759,2014-02-04,2023-11-30,65973.22,Writer
79,474,604,2011-04-11,2028-03-05,65746.84,Producer
80,529,620,2005-05-02,2025-11-15,47375.33,Main Actor
81,830,366,1994-09-09,2025-09-11,34793.12,Main Actor
82,435,733,1996-02-17,2026-01-20,58453.53,Actor
83,231,670,1993-10-04,2027-05-28,60424.05,Producer
84,396,168,2016-11-05,2028-04-02,14138.12,Producer
85,503,816,1997-04-25,2026-09-03,37431.69,Director
86,167,374,2003-03-12,2023-03-12,38640.9,Co-Producer
87,454,454,1995-10-17,2029-02-09,15945.29,Main Actor
88,57,146,1994-03-31,2027-05-14,25105.3,Main Actor
89,157,116,2016-04-03,2022-12-12,69792.13,Main Actor
90,653,786,2003-10-28,2027-09-22,44432.96,Supervisor
91,718,542,1998-06-23,2025-05-22,29547.75,Main Actor
92,295,224,2004-06-06,2023-08-11,33404.46,Co-Producer
93,773,372,2011-01-21,2025-03-27,52150.49,Actor
94,529,610,2021-05-14,2023-11-21,21768.64,Co-Producer
95,603,712,1996-07-15,2024-04-28,60391.0,Writer
96,627,755,2004-06-24,2024-08-16,67859.52,Producer
97,118,361,2000-05-27,2027-10-16,50063.37,Co-Producer
98,515,236,2021-06-26,2023-06-30,63719.79,Director
99,380,318,2008-09-11,2025-10-05,55608.22,Main Actor
100,36,447,2011-11-04,2028-04-13,64243.01,Producer
101,336,718,2015-02-28,2027-12-30,73600.88,Actor
102,251,772,2000-03-12,2025-08-31,57718.83,Writer
103,451,312,1994-10-13,2026-10-27,77614.32,Actor
104,140,196,2002-11-13,2028-11-06,72396.22,Producer
105,80,661,2017-01-30,2029-01-26,38372.64,Main Actor
106,95,351,1993-10-17,2026-07-26,33632.53,Co-Producer
107,104,236,1992-05-06,2028-12-08,35222.51,Co-Producer
108,742,862,1998-11-18,2024-07-08,42186.34,Main Actor
109,87,614,1996-02-13,2027-11-08,31549.52,Writer
110,632,740,1998-07-08,2027-08-22,12701.27,Producer
111,646,642,2016-10-17,2026-07-06,48324.48,Main Actor
112,404,489,2009-07-13,2025-01-09,10728.95,Writer
113,784,101,2006-04-04,2025-09-29,71714.27,Actor
114,229,670,2007-12-31,2029-01-11,36848.11,Director
115,176,112,2001-09-22,2024-10-08,23820.9,Director
116,712,92,2007-08-05,2029-04-05,26564.77,Producer
117,35,143,2007-09-23,2028-09-30,70944.14,Co-Producer
118,443,216,2005-06-30,2024-11-17,58651.78,Co-Producer
119,632,399,1995-01-17,2025-11-08,21226.84,Main Actor
120,199,222,2012-06-02,2024-03-04,56905.78,Writer
121,463,288,2011-11-11,2023-10-19,23813.79,Co-Producer
122,852,273,2021-07-07,2023-09-02,35344.3,Producer
123,289,811,2006-09-06,2027-08-16,13528.08,Writer
124,825,765,2013-02-16,2027-11-09,62110.15,Director
125,77,43,1999-10-26,2026-09-25,34737.14,Actor
126,788,178,2015-09-06,2028-06-16,11664.19,Co-Producer
127,40,51,2002-11-23,2029-04-23,25783.15,Writer
128,101,753,1993-11-28,2029-01-17,77640.64,Writer
129,206,339,1992-09-21,2023-10-30,25128.1,Supervisor
130,491,32,2016-01-10,2027-09-18,41775.06,Main Actor
131,105,144,2007-10-18,2022-12-29,65470.63,Supervisor
132,239,227,1999-08-27,2029-03-23,46666.83,Actor
133,477,726,2003-12-02,2024-03-25,74869.84,Supervisor
134,428,54,2011-02-16,2027-03-19,43100.5,Writer
135,470,73,2021-01-08,2028-08-25,27491.83,Writer
136,204,728,1995-10-01,2022-11-13,34488.49,Main Actor
137,72,452,2005-09-21,2024-12-14,31020.22,Director
138,496,713,2008-01-15,2022-07-22,18868.57,Co-Producer
139,512,571,2006-09-30,2028-08-29,49034.36,Writer
140,482,647,2013-09-21,2023-09-18,75022.7,Co-Producer
141,74,352,1998-08-21,2024-02-04,45987.68,Director
142,588,404,1990-10-13,2024-10-29,64078.65,Producer
143,239,493,2006-12-11,2025-11-14,34719.61,Actor
144,1,664,1992-10-11,2025-05-05,18946.81,Writer
145,356,683,2018-05-18,2026-05-23,28033.64,Writer
146,868,379,1991-06-20,2026-12-14,52753.48,Writer
147,817,654,2014-09-15,2022-07-23,11308.16,Co-Producer
148,709,346,2001-03-09,2022-07-19,26657.48,Writer
149,782,743,2011-08-10,2027-08-13,26195.11,Main Actor
150,372,398,1996-11-28,2028-01-19,76095.93,Co-Producer
151,842,111,2009-05-29,2022-09-21,72780.64,Producer
152,480,67,2006-02-03,2027-07-25,12332.19,Co-Producer
153,797,848,1997-05-20,2027-10-15,23088.18,Main Actor
154,812,164,2018-06-03,2028-11-07,75663.25,Main Actor
155,578,727,2005-12-13,2028-08-21,33862.12,Actor
156,734,239,1997-11-12,2028-12-04,69060.89,Co-Producer
157,742,169,1993-11-14,2023-07-14,46699.47,Producer
158,238,262,2004-06-19,2023-12-31,33198.47,Main Actor
159,644,357,2004-06-08,2026-10-12,30886.47,Director
160,163,261,2014-08-31,2022-08-10,32131.36,Co-Producer
161,552,860,1994-05-18,2022-11-18,75959.96,Producer
162,618,225,1993-10-22,2024-01-04,34360.29,Main Actor
163,656,283,1996-09-03,2022-06-06,48907.78,Writer
164,124,417,2018-01-29,2022-05-16,14767.88,Main Actor
165,167,702,2001-10-20,2025-12-15,76641.42,Actor
166,117,535,1994-08-28,2022-07-02,54200.68,Writer
167,292,684,2000-03-25,2024-04-26,44816.81,Supervisor
168,851,593,2000-09-11,2029-02-17,61666.23,Director
169,350,697,2002-10-06,2024-10-09,67292.47,Producer
170,133,171,1995-08-12,2023-06-03,43804.33,Producer
171,520,580,2004-09-29,2024-03-14,55185.65,Actor
172,152,710,2007-06-14,2027-04-30,49603.29,Supervisor
173,450,818,1990-11-03,2025-02-13,20243.92,Co-Producer
174,586,602,1993-05-28,2025-06-12,61599.56,Actor
175,98,120,2011-05-19,2027-08-05,14970.37,Writer
176,136,431,2019-03-01,2029-03-21,55085.03,Main Actor
177,427,150,2002-07-03,2024-12-03,44595.9,Co-Producer
178,46,610,2005-07-01,2022-06-13,46844.69,Supervisor
179,803,543,2021-09-09,2026-05-04,43264.42,Co-Producer
180,211,295,1994-09-25,2029-01-18,57599.65,Co-Producer
181,427,666,1993-04-08,2024-04-25,50485.14,Main Actor
182,565,558,1993-07-28,2025-06-19,39095.1,Director
183,148,86,2020-04-04,2026-12-14,74365.56,Main Actor
184,800,169,1998-01-15,2024-05-21,54742.59,Main Actor
185,646,579,1995-05-24,2022-04-28,18631.38,Producer
186,485,280,2022-03-17,2027-04-01,19904.52,Co-Producer
187,637,609,2000-12-27,2023-10-04,50995.62,Producer
188,596,755,1996-02-06,2025-09-03,69528.52,Writer
189,157,456,1999-12-13,2024-11-15,77462.29,Actor
190,381,370,2013-05-03,2022-07-31,21693.59,Supervisor
191,389,439,1990-07-19,2027-07-18,65045.21,Writer
192,363,227,1992-02-29,2025-03-22,70162.05,Writer
193,235,643,2011-11-24,2029-04-16,14019.46,Producer
194,7,2,2019-10-13,2023-09-27,42130.48,Co-Producer
195,889,49,2001-04-30,2025-03-17,47065.25,Director
196,66,479,2001-08-31,2028-03-24,31754.51,Writer
197,117,543,2004-04-28,2023-03-06,66318.18,Main Actor
198,594,693,1994-06-13,2028-10-09,57737.77,Writer
199,537,24,2018-08-24,2024-02-21,35755.83,Supervisor
200,812,806,1992-08-21,2028-03-11,57971.11,Main Actor
201,701,479,1999-05-12,2023-05-20,28934.84,Co-Producer
202,590,107,2001-01-16,2026-07-29,39309.72,Director
203,3,800,2013-04-24,2024-04-21,10422.99,Writer
204,467,206,2011-01-29,2029-03-20,36690.61,Writer
205,559,111,2012-11-09,2023-07-31,10510.02,Main Actor
206,585,373,1995-10-19,2022-11-24,77944.12,Co-Producer
207,809,665,1999-08-20,2028-01-03,26893.95,Producer
208,398,39,2008-12-22,2022-08-24,23553.34,Co-Producer
209,160,282,2011-10-10,2026-11-26,19255.16,Supervisor
210,783,245,2002-10-28,2027-11-09,34321.07,Writer
211,803,851,1992-05-15,2026-06-25,72958.7,Actor
212,139,855,2013-08-03,2028-02-14,59403.76,Writer
213,109,674,2010-05-17,2024-02-04,22428.42,Producer
214,715,568,1995-11-21,2028-10-04,35896.37,Producer
215,511,821,2020-01-01,2025-09-23,44121.94,Supervisor
216,787,486,2001-05-10,2026-04-02,78948.82,Writer
217,9,115,1993-07-27,2022-12-28,41209.33,Director
218,826,340,1996-07-21,2027-06-06,17142.23,Director
219,237,82,2020-12-30,2027-10-23,56258.45,Supervisor
220,662,139,2014-01-12,2025-11-05,25566.94,Supervisor
221,64,207,1999-07-22,2024-07-18,27628.08,Writer
222,176,32,1992-08-25,2029-02-26,52062.93,Producer
223,227,322,1993-01-26,2027-01-31,72370.77,Actor
224,163,885,2002-01-20,2029-02-18,64612.45,Writer
225,480,289,2003-09-16,2025-01-31,62021.05,Writer
226,447,355,2012-07-03,2026-09-23,19690.45,Writer
227,182,541,2005-03-23,2023-01-01,30423.93,Writer
228,651,688,2003-12-28,2025-01-25,54220.48,Actor
229,119,176,2000-02-12,2024-04-14,12349.63,Supervisor
230,130,674,1998-02-20,2029-04-11,55292.46,Co-Producer
231,333,275,2012-06-09,2028-09-02,66082.62,Co-Producer
232,433,588,2019-01-10,2024-07-14,22008.91,Co-Producer
233,310,469,2007-04-25,2026-07-27,24030.95,Supervisor
234,814,898,2020-09-10,2027-08-20,16614.45,Actor
235,22,558,2010-06-15,2022-10-23,63844.98,Co-Producer
236,125,452,2007-08-06,2025-09-12,69240.31,Director
237,713,757,2003-02-28,2024-06-19,27248.05,Supervisor
238,784,366,2018-03-11,2022-07-16,12552.77,Producer
239,874,665,2000-06-08,2025-12-02,15328.93,Main Actor
240,685,174,2013-03-27,2024-03-20,30909.14,Supervisor
241,130,693,2004-01-08,2024-01-10,23534.96,Actor
242,207,372,2017-10-30,2022-10-30,42397.54,Main Actor
243,371,562,1994-02-11,2026-07-18,24369.91,Actor
244,101,677,2021-08-05,2029-02-26,32395.9,Supervisor
245,578,471,1995-04-10,2023-07-21,57776.34,Director
246,518,743,2015-05-28,2022-05-19,42530.12,Main Actor
247,504,94,1990-07-07,2029-01-15,31674.96,Actor
248,848,305,2021-06-18,2025-11-10,42993.42,Main Actor
249,501,890,2020-01-13,2026-04-30,25478.3,Producer
250,453,255,2012-05-22,2026-02-12,68787.06,Producer
251,45,800,2020-04-02,2025-08-08,78162.01,Co-Producer
252,582,186,2002-07-10,2026-03-26,21353.34,Actor
253,706,704,2007-04-19,2028-09-15,77227.69,Actor
254,212,180,1999-05-24,2024-09-20,19735.08,Supervisor
255,540,697,1991-04-07,2026-08-12,45304.75,Co-Producer
256,674,791,2005-07-05,2023-03-09,49570.88,Writer
257,539,209,2020-08-10,2025-06-30,19166.18,Main Actor
258,790,687,2004-12-01,2028-10-10,43171.32,Director
259,227,679,1998-07-07,2028-07-05,11089.87,Main Actor
260,3,895,2014-06-01,2028-11-20,15457.27,Co-Producer
261,276,471,1999-08-19,2025-05-20,61448.11,Director
262,693,30,1995-10-28,2022-08-10,17863.97,Supervisor
263,675,569,2018-07-29,2028-03-27,31542.7,Producer
264,228,728,2013-10-09,2027-07-11,58918.08,Supervisor
265,509,887,1991-07-30,2025-05-28,47690.03,Producer
266,743,122,2011-04-12,2026-11-03,65716.76,Main Actor
267,637,258,2013-03-16,2028-02-04,72932.76,Co-Producer
268,267,259,1996-05-10,2025-03-20,11163.99,Supervisor
269,508,638,2018-06-19,2027-02-12,62149.47,Main Actor
270,628,37,2015-03-24,2023-01-12,10075.88,Producer
271,445,768,2008-04-22,2025-01-08,56069.37,Main Actor
272,398,327,2004-05-10,2028-10-05,25592.69,Main Actor
273,787,42,2009-01-11,2028-02-24,75592.92,Writer
274,877,564,2015-01-16,2026-10-26,18397.02,Co-Producer
275,269,639,1999-12-26,2026-04-13,36828.41,Director
276,106,476,1990-05-08,2027-04-09,33661.39,Actor
277,843,49,2021-11-18,2025-12-24,11513.17,Director
278,353,31,2013-11-16,2028-10-03,14150.26,Producer
279,176,100,2021-10-18,2026-05-01,25118.93,Writer
280,783,501,1998-06-05,2027-05-02,74361.29,Main Actor
281,148,680,2012-10-24,2026-04-19,26497.86,Main Actor
282,285,538,1998-11-25,2022-05-23,51265.09,Co-Producer
283,651,216,2013-11-25,2025-12-08,29594.34,Main Actor
284,163,537,2018-11-07,2028-07-12,77778.36,Main Actor
285,634,636,2001-09-05,2025-10-23,11320.33,Writer
286,424,427,2020-11-06,2027-09-26,55107.66,Main Actor
287,673,159,2008-12-12,2027-04-16,15311.22,Actor
288,876,398,1999-02-25,2027-02-15,65058.26,Producer
289,75,702,2018-05-31,2023-04-23,10484.31,Co-Producer
290,74,565,1994-03-10,2024-04-07,57483.55,Main Actor
291,427,438,1998-12-24,2029-02-25,42424.1,Co-Producer
292,58,38,2001-06-17,2027-03-13,45980.02,Co-Producer
293,306,680,2004-01-02,2023-02-25,64023.5,Actor
294,768,11,2001-08-18,2025-02-27,78360.39,Producer
295,410,126,1993-10-21,2024-09-21,25695.24,Supervisor
296,187,839,2010-08-12,2025-06-23,55918.97,Main Actor
297,805,700,1991-01-26,2024-04-16,19104.64,Producer
298,365,456,1997-08-01,2025-10-15,65875.07,Supervisor
299,629,491,1994-10-13,2028-03-02,55366.15,Actor
300,842,74,2003-08-26,2029-03-29,16881.7,Supervisor
301,135,359,2004-09-14,2028-01-21,61141.54,Producer
302,16,422,2000-04-01,2028-02-01,27422.83,Actor
303,258,660,2015-05-09,2026-10-20,22634.07,Director
304,363,153,1999-12-24,2027-05-05,15836.31,Main Actor
305,291,296,2019-02-10,2024-05-13,24128.59,Main Actor
306,89,807,2015-04-03,2023-08-20,71630.54,Director
307,757,470,2018-06-14,2029-04-07,41557.04,Writer
308,608,443,1990-08-24,2028-03-05,32509.12,Director
309,721,53,1996-03-16,2025-06-24,37574.65,Writer
310,286,13,2021-08-12,2026-02-24,70915.16,Supervisor
311,625,30,1995-07-18,2025-10-21,77304.09,Main Actor
312,637,892,2006-02-26,2025-01-08,33322.76,Writer
313,43,674,2017-12-25,2024-05-29,52195.9,Producer
314,680,558,2015-06-01,2028-12-31,53417.16,Director
315,786,576,1995-03-02,2025-01-03,76049.82,Writer
316,53,614,2019-02-27,2026-04-18,65179.39,Main Actor
317,426,393,2000-11-11,2023-03-11,15443.28,Actor
318,418,208,2019-11-24,2026-06-10,22440.02,Producer
319,564,897,1991-04-28,2028-11-06,52212.98,Main Actor
320,17,497,2014-06-24,2023-10-19,49159.31,Writer
321,863,222,2003-08-31,2028-07-31,16833.79,Co-Producer
322,898,867,1991-06-29,2025-04-19,47132.57,Writer
323,394,47,2001-05-10,2025-04-06,14295.57,Co-Producer
324,874,615,2005-08-22,2025-01-05,23342.35,Actor
325,827,53,2001-08-14,2028-06-24,22147.99,Supervisor
326,658,846,1993-07-08,2027-09-12,20931.61,Director
327,411,237,2000-03-03,2023-03-29,62445.86,Director
328,502,391,2000-11-02,2027-11-14,51759.41,Main Actor
329,736,443,2009-12-06,2024-01-21,39254.32,Supervisor
330,846,638,1993-05-15,2022-07-08,27975.52,Supervisor
331,505,665,2003-05-20,2026-03-24,59744.04,Actor
332,805,673,2019-09-03,2023-05-24,74740.09,Writer
333,10,37,1998-05-08,2024-05-30,10528.19,Supervisor
334,439,343,2016-10-12,2024-02-02,51409.66,Main Actor
335,468,482,1993-06-03,2029-02-05,13737.49,Co-Producer
336,588,589,2020-12-16,2025-01-23,56027.41,Director
337,17,569,2005-04-09,2026-10-22,17552.22,Supervisor
338,329,133,1996-02-11,2025-10-01,45881.36,Director
339,240,702,2004-05-13,2026-10-14,33170.78,Actor
340,812,516,2006-08-23,2026-09-24,42599.62,Producer
341,38,358,2000-06-15,2028-03-14,28801.89,Director
342,854,765,2003-11-01,2028-07-20,55420.42,Actor
343,314,609,2018-07-12,2026-02-18,32425.05,Supervisor
344,752,896,1995-05-18,2023-01-26,27919.28,Director
345,161,595,1992-05-31,2022-12-08,74742.17,Actor
346,282,647,1991-09-15,2025-11-21,17068.95,Producer
347,299,114,1995-07-22,2022-07-19,29016.38,Director
348,335,660,1996-03-08,2028-09-01,60504.94,Producer
349,263,154,2005-04-09,2024-08-11,71759.68,Co-Producer
350,206,238,1999-07-08,2025-05-27,62498.83,Co-Producer
351,670,457,2004-01-29,2028-11-06,52520.18,Actor
352,743,800,1990-12-11,2022-12-12,76370.47,Producer
353,28,174,1996-07-09,2025-12-10,42192.57,Co-Producer
354,458,586,1992-09-04,2023-04-05,41497.1,Main Actor
355,572,493,2012-12-30,2023-01-27,11994.88,Director
356,448,749,2002-10-17,2027-07-14,29009.22,Writer
357,847,696,2004-04-16,2028-04-07,11268.15,Director
358,805,421,1992-11-30,2025-01-03,51820.23,Producer
359,15,630,2010-10-02,2025-07-13,33462.69,Actor
360,654,404,2011-02-02,2023-08-30,11679.64,Main Actor
361,871,107,2013-10-26,2022-10-20,34510.54,Director
362,835,392,2012-07-29,2029-01-19,70379.23,Supervisor
363,297,688,1992-02-12,2026-12-26,33078.83,Director
364,541,860,1993-08-08,2025-10-14,50118.84,Main Actor
365,315,380,2014-11-02,2027-06-18,29351.41,Actor
366,873,432,2001-05-15,2023-10-09,35309.15,Co-Producer
367,632,552,1998-01-31,2027-05-03,21921.25,Actor
368,226,605,2001-08-29,2028-04-15,45526.92,Producer
369,797,359,1993-10-10,2028-08-02,25039.52,Producer
370,236,374,1993-12-08,2023-12-12,32030.15,Director
371,831,280,2014-12-11,2025-02-23,36549.75,Producer
372,604,359,2000-10-20,2025-09-23,56047.73,Supervisor
373,556,281,2017-12-01,2026-12-26,36879.5,Producer
374,206,542,2003-05-18,2025-03-21,47893.74,Actor
375,607,218,1996-04-30,2027-12-14,13397.74,Co-Producer
376,43,185,2005-11-30,2025-05-02,50790.32,Main Actor
377,426,169,2005-04-07,2026-10-17,41205.82,Producer
378,471,205,2000-08-22,2028-10-28,52552.46,Producer
379,285,823,2013-01-06,2026-06-12,56535.88,Main Actor
380,43,4,2011-11-09,2026-01-22,24398.57,Producer
381,671,343,2010-10-20,2023-09-17,10328.67,Director
382,581,763,2016-07-29,2025-08-17,40804.13,Actor
383,574,441,2004-01-22,2025-03-18,47675.71,Co-Producer
384,382,415,2014-12-18,2028-09-21,77580.44,Actor
385,515,288,1998-03-15,2022-12-07,23696.24,Main Actor
386,729,411,1996-12-09,2025-09-19,23480.92,Producer
387,523,290,2018-03-05,2028-08-17,61363.92,Co-Producer
388,119,840,2015-08-02,2024-02-19,53596.85,Director
389,341,19,1994-02-16,2028-11-01,15839.22,Director
390,167,781,1995-06-08,2023-10-29,32553.61,Director
391,1,681,1996-02-23,2025-10-12,31997.07,Co-Producer
392,603,453,2020-08-02,2022-09-02,78417.02,Writer
393,646,111,1998-08-29,2029-02-24,37186.7,Producer
394,752,493,2000-06-26,2026-08-16,46979.73,Co-Producer
395,227,56,2008-05-06,2023-06-24,18182.53,Main Actor
396,186,857,2009-12-21,2026-03-30,56395.37,Writer
397,634,750,2006-03-13,2024-07-28,50275.69,Main Actor
398,318,81,1991-11-29,2027-12-18,41632.23,Supervisor
399,675,897,2009-05-17,2027-07-17,20412.8,Director
400,48,683,2020-12-17,2023-08-22,75128.44,Director
401,571,23,2012-05-10,2028-12-02,73267.56,Director
402,366,74,2010-10-23,2025-02-26,24415.04,Main Actor
403,456,74,1999-12-03,2027-10-01,11309.01,Producer
404,649,871,2004-07-17,2026-07-23,43530.96,Co-Producer
405,319,586,2013-05-29,2029-04-22,35306.6,Director
406,459,640,2012-10-14,2026-06-01,53474.48,Producer
407,458,141,2014-10-23,2023-02-04,72929.49,Supervisor
408,119,766,2003-08-17,2028-01-14,37704.4,Co-Producer
409,264,125,2010-06-22,2026-05-20,29845.33,Director
410,689,8,2017-03-12,2027-05-18,41812.52,Director
411,874,542,2012-03-16,2022-06-11,57568.94,Director
412,766,803,1991-10-21,2022-08-31,78793.66,Producer
413,387,340,1997-10-18,2023-12-24,61963.88,Actor
414,491,618,2007-05-17,2023-10-17,71573.01,Director
415,738,353,2020-05-11,2027-11-30,41163.99,Director
416,720,436,2015-04-04,2027-02-17,53084.71,Actor
417,832,1,2017-08-14,2028-05-18,34346.69,Actor
418,668,412,1991-01-09,2025-01-20,33621.38,Writer
419,886,273,1992-07-07,2023-06-18,77232.0,Actor
420,368,370,2008-12-19,2028-05-14,64236.11,Writer
421,222,801,2004-05-26,2026-02-27,62430.05,Actor
422,189,30,2008-10-07,2027-06-05,49571.23,Co-Producer
423,815,461,1991-03-25,2028-07-21,13084.39,Supervisor
424,665,203,1995-04-06,2022-10-31,78228.8,Supervisor
425,667,376,2014-04-07,2022-04-25,24005.58,Director
426,395,375,2012-09-18,2028-06-21,39319.51,Actor
427,865,570,2017-08-12,2026-08-25,66242.83,Writer
428,498,13,1995-06-22,2022-10-11,22068.82,Producer
429,698,897,1999-04-11,2022-05-17,40362.7,Supervisor
430,806,666,2007-02-21,2025-08-28,68158.12,Producer
431,282,9,2008-11-06,2026-03-24,25700.18,Co-Producer
432,817,271,1997-10-29,2025-10-14,56723.65,Producer
433,525,347,2014-03-02,2027-08-26,73797.87,Actor
434,824,178,2010-01-21,2027-08-30,35292.54,Director
435,650,444,2008-12-05,2023-05-13,47410.92,Actor
436,92,56,1990-05-22,2027-03-01,64904.61,Writer
437,319,51,2017-01-23,2023-01-19,12362.99,Actor
438,456,372,1996-04-18,2026-02-06,56439.74,Co-Producer
439,164,737,2012-04-10,2026-11-18,34185.4,Actor
440,474,406,2016-05-01,2023-11-25,64378.62,Producer
441,360,386,2012-07-14,2023-06-20,38171.59,Director
442,310,13,2004-01-07,2028-12-14,32696.37,Main Actor
443,373,337,2002-02-19,2023-11-26,51856.25,Co-Producer
444,224,440,1993-11-16,2027-06-12,21794.9,Co-Producer
445,824,35,2009-07-28,2027-09-16,24287.4,Main Actor
446,804,231,1994-08-23,2028-09-10,52206.36,Director
447,324,126,2017-01-21,2028-06-23,25602.55,Actor
448,747,149,1996-12-22,2025-12-26,54531.99,Director
449,468,298,2007-04-13,2022-06-26,21648.05,Main Actor
450,862,687,2002-09-19,2024-03-16,15808.48,Main Actor
451,441,817,2007-11-19,2028-01-30,59680.38,Director
452,106,48,2021-10-13,2027-09-11,53227.36,Producer
453,34,670,2004-05-23,2028-03-16,71335.22,Main Actor
454,300,244,2021-07-25,2027-10-21,15822.86,Producer
455,320,478,2004-02-18,2027-02-09,66655.73,Producer
456,494,339,2004-02-13,2027-06-19,27310.13,Actor
457,673,206,1995-01-21,2025-04-22,68019.42,Actor
458,384,161,2004-12-24,2024-01-26,75393.23,Actor
459,142,849,2001-09-15,2026-03-11,77941.04,Producer
460,107,225,2009-11-15,2027-10-18,77434.21,Writer
461,22,417,2008-11-21,2025-03-14,58936.6,Main Actor
462,21,472,2002-10-11,2025-07-20,61066.29,Producer
463,132,850,2021-05-29,2024-09-24,26093.77,Actor
464,458,831,1991-07-05,2028-08-12,56514.38,Supervisor
465,569,839,2007-07-25,2024-09-27,19447.35,Co-Producer
466,67,707,1993-07-24,2027-02-19,64486.23,Writer
467,366,871,2005-04-12,2022-06-18,15893.56,Producer
468,657,338,1990-08-15,2025-09-14,18495.91,Main Actor
469,457,835,2021-02-21,2022-11-01,51363.99,Director
470,576,631,2001-12-22,2028-10-22,12659.28,Supervisor
471,330,432,2002-04-14,2023-09-25,58980.24,Co-Producer
472,885,847,1996-03-25,2027-05-24,46525.48,Co-Producer
473,346,473,2011-01-12,2026-11-30,37300.67,Main Actor
474,496,781,1991-10-16,2024-08-15,57080.73,Writer
475,280,730,2022-03-27,2028-12-29,39598.64,Main Actor
476,464,281,2015-07-05,2028-05-06,70002.99,Writer
477,576,10,1999-06-10,2024-07-13,32763.16,Writer
478,18,553,2011-03-27,2026-08-21,53891.61,Main Actor
479,678,796,1997-05-19,2027-12-19,67290.55,Director
480,467,516,2001-03-27,2024-01-26,74176.08,Actor
481,388,58,1998-08-19,2029-01-02,69160.38,Actor
482,890,460,1990-11-17,2027-06-13,29484.25,Supervisor
483,708,35,2017-03-18,2026-06-26,31660.27,Actor
484,516,293,2017-01-24,2025-03-03,47536.98,Writer
485,421,521,2001-11-29,2023-10-02,46176.09,Co-Producer
486,377,436,2015-06-27,2022-04-30,70189.54,Co-Producer
487,731,339,2011-10-12,2025-04-30,34642.27,Producer
488,730,840,2005-10-21,2025-12-31,17909.29,Director
489,538,442,2012-09-14,2024-05-17,74459.81,Main Actor
490,218,33,2019-04-10,2023-08-09,26036.59,Producer
491,654,289,2014-05-16,2025-08-09,11077.08,Co-Producer
492,583,684,2012-08-20,2026-12-10,48974.81,Supervisor
493,851,133,1993-01-29,2023-10-03,44413.5,Director
494,423,384,2017-08-17,2026-06-17,37770.6,Supervisor
495,491,525,1990-10-09,2028-05-10,61241.22,Director
496,838,428,2005-11-09,2022-07-15,15518.06,Co-Producer
497,239,370,1995-04-19,2022-07-26,43767.05,Supervisor
498,408,141,1991-10-17,2024-11-10,11787.89,Director
499,650,736,2006-11-03,2022-08-09,52283.96,Writer
500,595,133,1998-09-06,2027-04-24,69290.1,Supervisor
501,576,713,2007-11-21,2023-06-05,30698.44,Supervisor
502,94,586,1994-05-10,2027-07-22,17251.59,Actor
503,188,639,2000-06-04,2028-08-25,39888.22,Main Actor
504,632,264,2002-07-26,2029-02-24,13703.23,Supervisor
505,448,581,2005-08-01,2028-03-02,40020.95,Supervisor
506,155,119,2002-11-08,2028-09-03,16437.92,Writer
507,424,435,2015-03-11,2028-06-01,35631.08,Co-Producer
508,185,834,2002-01-03,2029-04-12,64084.32,Producer
509,584,106,2008-12-12,2024-08-14,24803.19,Co-Producer
510,794,611,2018-02-25,2026-10-01,52739.72,Co-Producer
511,587,863,2020-11-28,2027-11-10,31280.29,Director
512,867,37,2002-02-23,2025-11-13,58443.19,Co-Producer
513,396,203,1999-04-02,2024-07-27,46111.57,Producer
514,764,599,1994-04-16,2024-05-27,47178.52,Actor
515,384,761,2012-02-10,2027-07-16,54508.99,Supervisor
516,438,150,1993-10-11,2026-09-05,77693.57,Actor
517,827,471,2020-09-04,2023-09-14,45016.82,Director
518,286,813,2014-07-20,2027-02-28,63195.93,Writer
519,443,468,2009-02-05,2025-07-06,28472.02,Supervisor
520,65,281,2014-10-29,2025-03-22,38396.58,Supervisor
521,1,284,2013-03-16,2022-07-25,75834.98,Actor
522,567,870,2018-09-06,2022-09-20,42615.84,Writer
523,548,355,1998-05-25,2029-01-18,44543.03,Supervisor
524,839,505,2009-08-20,2023-09-12,41248.79,Supervisor
525,581,195,2016-10-03,2027-11-11,62497.03,Co-Producer
526,577,465,1996-04-06,2028-07-21,42587.05,Main Actor
527,15,310,2003-04-07,2022-06-12,38670.68,Main Actor
528,731,338,2003-09-24,2022-08-21,53478.06,Supervisor
529,839,772,2019-10-10,2027-09-08,29997.61,Co-Producer
530,676,868,2018-11-22,2024-01-12,29174.14,Supervisor
531,63,621,1998-11-08,2029-03-03,66348.21,Main Actor
532,494,27,2020-03-27,2024-02-22,27398.47,Producer
533,724,31,2001-03-20,2029-02-17,46573.52,Producer
534,330,600,2016-01-31,2025-09-25,16970.8,Actor
535,773,35,2003-07-31,2024-05-11,43600.93,Actor
536,102,407,2001-09-12,2025-08-23,73902.96,Writer
537,77,335,2004-11-05,2028-08-29,10884.12,Supervisor
538,34,406,1995-10-16,2026-08-16,18897.54,Writer
539,81,539,1992-09-05,2025-08-05,30438.17,Co-Producer
540,666,797,2001-01-08,2026-12-01,77555.09,Co-Producer
541,639,15,2002-08-20,2025-01-04,34567.05,Actor
542,834,826,2014-08-17,2023-05-31,23721.61,Writer
543,44,642,2012-11-15,2023-09-08,59760.88,Writer
544,169,230,2011-03-19,2026-04-19,35863.55,Producer
545,654,846,1995-02-22,2026-06-29,23923.81,Supervisor
546,648,524,2005-02-25,2024-07-06,14876.45,Writer
547,570,577,2014-12-04,2029-02-17,25221.54,Co-Producer
548,252,864,2016-06-09,2025-05-12,67636.98,Co-Producer
549,715,163,2005-12-18,2027-09-19,15796.08,Producer
550,424,194,2007-02-25,2022-09-24,43370.21,Main Actor
551,98,569,2000-07-17,2023-02-16,20928.41,Main Actor
552,829,145,1998-07-19,2022-05-24,50536.81,Producer
553,133,59,2013-09-21,2024-06-18,41065.57,Actor
554,195,694,2017-08-18,2023-12-28,44940.25,Actor
555,443,665,2018-11-07,2022-11-06,37617.45,Supervisor
556,404,321,2015-05-30,2027-09-14,72075.76,Main Actor
557,237,2,2015-03-05,2023-04-21,15212.63,Writer
558,377,568,1997-09-06,2027-03-31,51370.48,Producer
559,489,827,1994-04-06,2029-04-23,66977.78,Actor
560,663,635,2013-12-07,2024-12-14,76206.49,Writer
561,428,465,2007-09-30,2023-02-03,34209.07,Director
562,344,447,2012-12-11,2027-03-28,12547.2,Actor
563,7,476,2018-04-18,2024-01-13,38011.33,Supervisor
564,280,424,2018-11-27,2028-05-31,38479.69,Supervisor
565,1,881,2013-08-29,2023-12-01,62490.65,Actor
566,595,83,2015-06-09,2023-08-11,46014.17,Co-Producer
567,523,271,2009-12-18,2025-03-28,11071.99,Main Actor
568,398,736,2021-12-29,2023-08-16,47039.25,Main Actor
569,738,34,1991-09-01,2024-05-07,41243.13,Actor
570,671,76,2017-03-08,2022-10-10,65252.6,Director
571,795,195,2009-03-22,2026-09-06,56926.08,Director
572,661,453,2013-01-10,2022-11-10,61145.52,Actor
573,9,792,1995-03-07,2026-06-02,62914.41,Supervisor
574,857,257,1999-01-23,2026-05-31,19937.19,Main Actor
575,452,706,2000-07-28,2024-04-11,73372.3,Co-Producer
576,694,353,1993-05-05,2023-04-14,15522.97,Actor
577,130,184,1993-07-31,2028-06-04,18992.29,Co-Producer
578,894,91,1992-01-26,2025-08-15,50649.59,Supervisor
579,607,636,2013-02-04,2022-09-15,39320.57,Main Actor
580,528,23,2021-10-14,2022-05-12,20634.76,Writer
581,113,305,2014-02-15,2026-08-21,55826.17,Main Actor
582,439,730,1995-08-07,2023-04-20,78977.86,Supervisor
583,287,366,1991-01-05,2024-03-21,28301.05,Supervisor
584,21,195,2001-04-05,2023-06-13,58323.59,Main Actor
585,879,83,2005-09-12,2023-11-17,26263.72,Main Actor
586,15,690,1991-12-03,2028-07-27,12156.31,Writer
587,119,151,2021-04-13,2029-03-05,68043.85,Director
588,669,420,2019-08-23,2026-01-28,22780.04,Producer
589,744,755,2008-11-20,2022-11-06,68262.99,Director
590,571,149,2020-06-07,2025-03-02,16096.58,Co-Producer
591,229,75,2008-08-03,2024-10-04,53203.81,Supervisor
592,776,95,1996-12-01,2026-11-08,35076.97,Producer
593,81,624,2005-03-17,2027-06-03,25326.19,Supervisor
594,219,468,1995-04-03,2026-12-12,57732.45,Co-Producer
595,57,425,1995-11-06,2025-11-08,43114.7,Producer
596,280,512,1994-02-10,2029-03-17,31775.39,Writer
597,660,419,2015-09-15,2027-06-24,54506.67,Actor
598,180,146,1993-01-27,2028-12-05,43430.91,Co-Producer
599,451,302,2005-09-18,2025-10-13,49340.84,Actor
600,133,576,2004-03-24,2025-01-10,50257.13,Director
601,198,848,1999-05-26,2024-12-05,20746.66,Co-Producer
602,771,525,2017-08-20,2023-02-13,21424.85,Co-Producer
603,790,795,2017-12-31,2026-06-11,32639.81,Actor
604,586,272,2013-09-02,2028-11-14,76833.81,Main Actor
605,247,856,2009-04-26,2028-06-02,10624.82,Main Actor
606,491,498,2010-11-13,2025-06-03,52473.2,Supervisor
607,91,672,2010-04-29,2022-07-19,19182.36,Supervisor
608,757,809,1998-11-25,2026-04-18,19868.48,Supervisor
609,769,553,1991-03-18,2022-12-05,49506.1,Main Actor
610,567,46,2019-07-11,2027-01-23,26837.9,Director
611,300,180,2001-04-11,2023-12-30,28504.47,Director
612,597,444,1991-08-06,2025-07-10,51735.57,Producer
613,227,834,1992-08-20,2023-03-20,30538.27,Producer
614,713,149,2004-01-28,2028-05-30,34256.75,Supervisor
615,231,352,1996-08-06,2028-07-10,73731.26,Supervisor
616,783,685,2006-04-10,2028-02-27,38311.1,Co-Producer
617,327,706,1998-10-13,2026-03-27,30074.76,Actor
618,625,530,2022-04-06,2027-04-14,76111.45,Director
619,252,547,2008-12-10,2029-03-23,63886.42,Director
620,365,617,2003-09-17,2026-11-04,42747.36,Main Actor
621,600,545,2007-01-28,2028-04-15,46510.54,Producer
622,433,423,2001-08-02,2027-04-06,72298.76,Producer
623,784,723,2020-04-02,2025-03-28,76987.78,Writer
624,149,570,2004-04-01,2026-07-17,54933.26,Director
625,478,896,2011-05-09,2028-06-19,28643.09,Director
626,306,148,2019-11-08,2025-05-24,70351.52,Supervisor
627,321,243,2018-05-19,2026-09-17,73546.59,Co-Producer
628,394,46,2006-11-01,2024-01-03,51378.91,Co-Producer
629,774,128,1992-08-03,2023-08-29,77567.85,Actor
630,408,110,1997-08-16,2029-01-01,27298.13,Supervisor
631,615,749,2003-12-30,2026-03-20,69339.16,Co-Producer
632,821,867,2009-03-03,2024-05-07,50426.58,Writer
633,305,668,1994-02-12,2024-07-19,11479.47,Supervisor
634,385,856,2012-05-25,2024-11-22,13744.19,Co-Producer
635,552,770,1991-01-08,2028-06-20,65108.1,Writer
636,705,577,2009-06-06,2022-05-29,51638.27,Writer
637,256,414,2011-10-09,2026-09-24,47011.58,Co-Producer
638,432,426,2003-04-02,2029-02-14,18108.52,Actor
639,78,1,1991-06-18,2025-10-20,42777.88,Co-Producer
640,378,18,2001-01-29,2023-10-13,31559.9,Main Actor
641,9,87,1992-04-04,2023-03-08,50985.22,Actor
642,2,72,2005-12-05,2028-11-21,14720.49,Supervisor
643,866,796,2007-09-27,2023-12-14,72960.07,Director
644,242,159,2007-07-28,2024-09-18,56664.67,Supervisor
645,834,103,2010-06-23,2028-06-06,27794.92,Supervisor
646,316,841,2012-04-10,2022-10-02,47844.45,Producer
647,392,233,2004-09-29,2027-07-03,30176.11,Main Actor
648,307,208,1997-11-18,2025-07-08,52807.92,Actor
649,493,819,2019-02-27,2025-05-15,45843.3,Main Actor
650,360,425,2000-10-11,2022-12-07,32118.45,Actor
651,481,339,2014-04-01,2025-05-19,57858.92,Actor
652,75,355,2019-11-08,2027-11-04,14839.88,Director
653,695,882,2009-12-24,2023-01-31,16729.73,Co-Producer
654,75,695,2014-09-14,2026-05-11,48329.24,Actor
655,878,209,1999-07-17,2026-11-08,51376.95,Supervisor
656,241,835,2019-10-20,2028-03-19,66129.73,Co-Producer
657,662,675,1993-03-17,2024-06-16,33532.35,Supervisor
658,708,890,2016-03-01,2022-10-28,41158.73,Actor
659,295,147,1998-03-11,2024-06-18,69054.57,Director
660,658,647,1994-11-09,2029-03-07,68084.04,Co-Producer
661,499,581,2016-04-08,2022-06-14,78148.32,Main Actor
662,437,184,2019-03-27,2025-03-11,32814.35,Actor
663,427,492,1992-07-18,2026-10-12,14139.84,Director
664,749,350,2013-12-21,2025-03-02,22032.97,Writer
665,582,296,2014-07-21,2026-11-09,23368.17,Actor
666,684,592,1991-12-21,2028-03-10,53203.32,Director
667,651,406,2007-03-16,2023-12-30,31648.45,Co-Producer
668,751,791,2014-01-25,2028-11-21,23097.19,Supervisor
669,653,412,2005-10-23,2024-09-01,41343.47,Supervisor
670,8,845,2009-09-17,2026-08-07,36089.28,Actor
671,20,732,1997-05-25,2025-04-30,50433.08,Writer
672,824,313,2019-05-23,2022-05-19,52773.88,Producer
673,106,279,1997-01-28,2028-12-15,35121.77,Supervisor
674,669,417,2008-10-22,2024-09-29,70664.9,Producer
675,607,804,2009-07-17,2022-06-14,38194.83,Director
676,764,116,2009-03-07,2022-08-16,20692.43,Supervisor
677,442,186,2011-04-13,2028-07-21,71873.81,Co-Producer
678,61,536,1996-07-23,2026-03-26,23739.26,Writer
679,555,679,2004-05-30,2028-04-19,70334.68,Producer
680,516,298,2005-04-14,2026-07-09,69551.05,Co-Producer
681,534,824,1998-05-27,2025-06-29,55607.8,Director
682,587,338,2002-10-29,2028-01-06,13454.78,Writer
683,399,229,2019-06-16,2026-12-31,52053.37,Director
684,574,378,2003-01-11,2027-06-11,34904.81,Director
685,744,102,2008-11-17,2023-01-17,72028.68,Producer
686,628,660,1999-09-27,2025-09-04,41139.76,Director
687,433,201,2016-03-07,2024-09-12,38028.36,Co-Producer
688,725,860,1991-12-29,2025-12-31,64150.94,Co-Producer
689,827,694,2019-11-09,2028-08-09,22864.09,Actor
690,304,196,2007-05-26,2025-09-28,77724.33,Producer
691,809,889,2021-12-25,2029-01-07,64711.19,Producer
692,798,803,2017-03-27,2024-11-29,56760.14,Producer
693,248,241,2019-05-21,2023-11-15,59435.95,Actor
694,398,522,2014-07-12,2029-04-01,60239.32,Main Actor
695,191,124,1990-05-18,2024-01-29,50137.05,Supervisor
696,147,103,2019-03-04,2025-06-09,43737.15,Co-Producer
697,187,404,2014-12-23,2023-10-19,25551.67,Producer
698,158,665,2005-09-06,2026-04-03,39893.38,Writer
699,563,149,1996-01-27,2022-09-19,32315.11,Actor
700,221,630,2007-07-31,2023-06-01,33073.59,Director
701,516,820,1990-09-13,2027-02-16,29393.91,Supervisor
702,667,560,2000-01-29,2023-03-06,33523.34,Writer
703,173,769,1992-05-11,2025-04-19,50661.74,Director
704,256,454,2006-04-30,2025-03-29,72670.13,Co-Producer
705,771,413,2015-01-29,2028-07-28,59337.71,Co-Producer
706,36,211,2007-02-09,2025-11-15,62426.18,Main Actor
707,833,246,2001-05-07,2027-05-14,32205.51,Writer
708,225,165,2021-10-19,2022-11-14,26990.58,Writer
709,292,893,2008-05-14,2028-03-11,75073.87,Writer
710,790,226,1997-11-28,2024-02-16,13806.99,Writer
711,374,856,2012-02-08,2023-09-03,37095.54,Producer
712,314,171,2021-12-11,2023-05-02,51258.83,Writer
713,480,416,1997-11-11,2024-01-24,61154.4,Main Actor
714,821,111,1994-11-02,2023-01-05,78723.33,Co-Producer
715,385,622,2011-05-13,2028-11-19,55104.22,Supervisor
716,453,859,1995-12-12,2029-04-17,64724.85,Producer
717,306,410,1998-08-05,2024-07-13,67709.32,Co-Producer
718,711,579,2005-12-28,2028-12-17,69796.06,Writer
719,49,275,2014-07-06,2028-03-16,50254.38,Director
720,639,130,2002-04-19,2028-09-12,13901.02,Main Actor
721,396,421,2020-10-25,2026-03-25,69579.13,Producer
722,572,84,1998-12-13,2024-03-14,47030.47,Co-Producer
723,693,157,2021-10-01,2023-06-20,18051.29,Actor
724,681,460,1996-09-17,2026-08-17,31650.87,Co-Producer
725,480,297,2016-01-22,2022-12-16,39277.24,Actor
726,43,119,2005-09-05,2023-01-23,22370.42,Writer
727,829,5,2021-08-15,2025-02-11,42493.81,Producer
728,735,342,2008-08-19,2029-04-15,73176.81,Supervisor
729,113,435,2001-02-03,2022-07-07,47906.23,Writer
730,326,154,2017-08-27,2025-08-29,33629.45,Supervisor
731,118,317,2014-12-09,2024-10-31,23744.84,Co-Producer
732,416,726,1994-01-16,2027-11-03,16625.72,Actor
733,214,19,2010-04-03,2023-07-12,20894.45,Supervisor
734,531,565,2001-05-04,2029-03-14,59402.07,Supervisor
735,893,584,1995-05-22,2026-09-23,29553.91,Main Actor
736,793,345,2016-08-15,2026-04-18,70348.21,Producer
737,664,762,2007-03-03,2029-04-23,27314.24,Supervisor
738,863,39,1995-11-28,2026-09-08,75834.09,Director
739,281,551,1998-06-29,2024-03-29,47839.82,Writer
740,549,630,2009-09-10,2025-01-09,14434.37,Main Actor
741,222,793,2015-08-15,2028-01-06,32667.17,Co-Producer
742,747,193,1991-02-10,2026-01-11,78760.2,Co-Producer
743,588,409,2021-02-26,2022-11-15,11340.95,Main Actor
744,392,7,2012-06-26,2025-10-20,15829.01,Actor
745,8,727,2010-04-12,2028-12-11,59208.41,Co-Producer
746,260,849,2017-04-08,2025-07-30,44851.34,Director
747,219,409,2014-03-12,2024-02-18,53935.19,Producer
748,592,594,1994-03-08,2028-03-18,55339.4,Director
749,776,424,2010-03-10,2026-07-05,40954.14,Actor
750,570,595,2003-01-05,2028-05-16,31707.57,Main Actor
751,542,249,2022-02-13,2027-07-22,16151.32,Producer
752,390,213,1995-07-21,2025-08-20,25021.81,Actor
753,270,354,2005-08-17,2023-11-15,24271.25,Actor
754,160,71,2009-01-31,2026-10-21,38323.66,Supervisor
755,512,228,2006-01-21,2024-06-03,12282.52,Writer
756,728,467,2017-09-25,2025-05-10,18513.6,Producer
757,891,354,2017-11-28,2027-09-26,73548.53,Director
758,110,196,2006-01-19,2023-06-12,35404.58,Producer
759,728,329,2012-04-20,2022-05-12,28510.05,Producer
760,748,865,2004-04-25,2029-04-02,13731.59,Main Actor
761,271,70,2012-11-02,2024-08-06,16970.13,Producer
762,872,685,2016-08-24,2027-10-01,60876.56,Producer
763,831,91,2018-08-26,2022-04-25,68663.19,Actor
764,344,690,2019-03-29,2023-04-16,54824.44,Producer
765,487,536,2013-01-21,2026-08-11,69336.43,Director
766,887,518,2015-09-23,2024-06-20,10627.63,Director
767,10,114,2011-08-16,2023-04-29,36266.2,Main Actor
768,256,522,2000-02-21,2023-02-06,44020.3,Producer
769,334,259,2002-03-28,2029-03-27,43790.73,Main Actor
770,101,402,1996-01-25,2023-08-17,67098.92,Co-Producer
771,197,526,1994-03-20,2024-02-11,49119.92,Actor
772,371,625,2001-09-12,2023-05-06,37937.7,Director
773,352,850,2013-07-25,2024-10-21,17963.27,Producer
774,767,615,2013-10-14,2025-10-03,38582.46,Supervisor
775,756,525,2008-04-08,2025-10-15,18672.09,Writer
776,330,528,2015-05-26,2028-10-04,35213.51,Director
777,231,750,1991-03-16,2027-09-15,76560.33,Producer
778,233,331,1999-09-06,2024-07-11,47933.11,Co-Producer
779,74,314,2020-04-01,2023-05-13,71123.22,Actor
780,684,370,1992-01-09,2022-12-30,62775.55,Producer
781,133,97,2005-03-17,2028-04-15,52141.8,Actor
782,62,754,1996-12-06,2024-04-28,35963.95,Main Actor
783,611,853,2012-04-12,2022-05-10,68874.9,Writer
784,626,578,2005-10-18,2028-08-06,37790.87,Supervisor
785,719,738,2018-10-08,2027-04-21,60153.72,Writer
786,807,111,1994-08-16,2023-04-07,12410.03,Actor
787,536,7,1996-03-08,2024-02-05,11905.01,Supervisor
788,449,51,2017-11-09,2022-07-12,29522.54,Director
789,734,783,2007-08-28,2024-12-19,22493.2,Director
790,275,762,2005-09-24,2024-02-29,75300.66,Writer
791,514,450,1994-03-02,2023-08-10,70232.78,Main Actor
792,330,17,2018-04-18,2023-07-19,16688.34,Co-Producer
793,203,160,2009-02-28,2023-10-18,26975.66,Producer
794,317,889,2020-07-31,2024-05-21,50971.5,Supervisor
795,451,302,2021-07-03,2022-08-26,29351.3,Producer
796,594,293,2017-07-07,2029-01-01,22736.58,Director
797,103,832,1991-12-29,2026-08-16,30859.05,Writer
798,434,699,2005-09-29,2029-03-09,18281.69,Producer
799,259,438,2015-01-25,2025-03-07,18703.86,Co-Producer
800,223,452,2001-09-19,2024-12-26,19459.79,Actor
