ContractID,CreatorID,ProductionID,StartDate,EndDate,Payment,RoleContract
1,33,511,2005-01-11,2022-11-01,25243.65,Supervisor
2,483,101,1999-02-24,2025-04-13,64622.52,Director
3,9,84,2010-06-06,2029-04-07,36614.79,Writer
4,237,388,2012-09-01,2026-12-13,41515.14,Producer
5,579,737,2002-10-21,2026-02-08,11604.93,Actor
6,707,268,2003-10-07,2025-08-31,38973.47,Writer
7,751,367,2014-11-18,2029-02-17,65507.47,Actor
8,637,315,2019-12-07,2022-05-13,19588.72,Main
9,26,31,2016-07-01,2022-05-02,51753.49,Co-Producer
10,139,179,1991-01-07,2022-11-12,34267.43,Producer
11,362,750,2009-07-21,2023-01-08,16739.16,Co-Producer
12,371,190,2016-07-09,2024-10-13,66632.43,Main
13,535,591,1999-07-12,2025-11-21,11522.25,Director
14,432,392,2013-05-10,2022-08-26,25994.23,Director
15,468,143,2005-05-27,2024-04-30,64990.76,Director
16,545,305,2008-02-21,2024-02-07,14637.93,Co-Producer
17,203,554,1993-10-03,2022-12-15,69656.79,Main
18,126,482,2011-09-03,2026-08-23,63899.35,Co-Producer
19,271,795,1992-02-20,2024-05-11,20259.6,Director
20,9,727,1999-09-17,2025-10-18,68317.34,Director
21,521,58,1995-03-02,2029-03-08,24870.92,Producer
22,675,622,2004-09-17,2022-07-02,60021.82,Director
23,355,639,1991-07-25,2027-05-23,62715.48,Actor
24,600,475,2015-01-20,2028-01-08,77102.36,Main
25,259,326,2000-09-22,2025-07-03,61644.05,Actor
26,496,547,1997-02-01,2023-10-20,25663.6,Co-Producer
27,41,245,1996-11-04,2022-06-03,66982.53,Director
28,260,494,1991-08-04,2028-10-02,29171.3,Producer
29,722,478,2000-12-01,2028-08-08,36033.02,Producer
30,389,647,2000-08-21,2022-11-15,39398.47,Supervisor
31,385,443,2005-11-18,2027-04-06,20893.05,Actor
32,92,378,2015-09-15,2024-05-11,37475.43,Main
33,353,672,2019-06-01,2028-12-18,13066.21,Main
34,126,273,1998-06-26,2027-05-25,44222.73,Supervisor
35,386,553,2014-05-25,2027-10-13,43416.05,Producer
36,712,41,2008-06-22,2027-11-04,18372.98,Writer
37,796,774,1999-03-17,2024-05-08,52789.0,Writer
38,315,189,1994-01-07,2022-07-12,13394.17,Writer
39,50,711,2006-06-15,2023-10-19,67044.58,Producer
40,442,202,2003-10-15,2026-07-13,51935.9,Co-Producer
41,250,440,2002-02-01,2025-05-30,44151.24,Actor
42,452,635,1996-03-07,2023-02-01,69283.35,Director
43,110,524,2007-09-23,2027-04-29,38477.73,Actor
44,541,451,2013-01-30,2026-04-10,38276.96,Main
45,602,600,2016-01-27,2024-07-15,57937.7,Supervisor
46,430,141,1992-03-16,2026-04-30,70663.43,Supervisor
47,59,262,1993-12-14,2028-08-13,55146.07,Director
48,777,691,1992-12-18,2024-06-20,51262.43,Co-Producer
49,48,205,2012-05-15,2027-08-21,29059.85,Supervisor
50,273,591,2009-01-09,2024-04-26,23019.94,Director
51,688,698,1998-02-04,2027-01-03,14868.59,Actor
52,404,69,2015-01-20,2025-06-23,36272.17,Co-Producer
53,493,47,1997-10-25,2024-04-18,36016.62,Writer
54,106,108,2004-02-13,2026-06-20,21394.03,Supervisor
55,301,676,2000-07-15,2023-03-09,54375.03,Supervisor
56,398,458,2012-03-22,2023-01-07,25516.48,Director
57,509,738,1992-04-29,2026-07-10,42211.62,Co-Producer
58,423,295,2020-11-12,2024-09-24,40103.66,Producer
59,242,613,1991-09-18,2028-12-12,30905.58,Actor
60,81,627,2004-02-18,2027-04-28,68658.33,Director
61,584,685,2020-03-18,2028-02-28,32120.14,Actor
62,273,158,1993-01-15,2029-04-05,19221.02,Actor
63,102,467,1993-09-07,2023-12-13,59552.96,Director
64,38,222,2011-06-25,2026-09-15,57122.13,Actor
65,699,210,1996-01-07,2023-08-08,15089.44,Director
66,265,687,1998-10-02,2027-12-24,13771.57,Actor
67,709,197,2004-08-24,2025-05-30,59718.06,Producer
68,418,137,1997-05-14,2023-08-16,58477.13,Producer
69,330,444,2000-01-08,2027-09-26,73301.44,Writer
70,119,675,2008-10-26,2022-05-04,72477.33,Actor
71,139,164,1993-04-05,2027-10-14,40055.71,Producer
72,605,223,2016-08-09,2028-11-18,15279.1,Main
73,435,457,2021-03-12,2023-03-18,36287.18,Main
74,649,433,2019-09-06,2025-11-15,59076.93,Writer
75,420,672,2013-11-23,2025-01-14,32494.64,Main
76,331,496,1996-03-28,2022-07-22,39672.82,Director
77,654,364,2016-03-29,2029-04-09,21540.45,Director
78,631,577,2012-05-15,2025-09-23,38974.92,Director
79,55,694,1999-01-18,2022-10-29,26888.48,Director
80,692,49,2000-01-24,2024-10-14,39781.96,Main
81,181,298,2021-07-21,2022-12-23,50080.82,Supervisor
82,365,200,2022-03-30,2024-07-07,52189.7,Actor
83,762,387,2018-02-24,2027-03-11,75770.29,Main
84,771,38,2003-09-28,2027-01-22,34738.72,Actor
85,271,371,2003-09-27,2022-05-26,34338.01,Co-Producer
86,633,222,2002-12-25,2023-03-08,53096.13,Co-Producer
87,106,391,2008-05-19,2023-10-31,48394.06,Director
88,587,662,2014-12-10,2023-02-02,39391.56,Co-Producer
89,95,543,2013-07-24,2024-03-15,18343.6,Actor
90,640,461,2021-06-26,2024-03-31,10127.67,Co-Producer
91,136,641,2012-11-17,2026-01-02,63980.04,Actor
92,540,766,1999-06-19,2026-09-20,78862.75,Director
93,629,287,2018-08-21,2022-09-16,33454.12,Co-Producer
94,534,252,1996-06-01,2026-09-02,76137.88,Writer
95,721,72,1992-05-16,2024-06-05,57012.01,Supervisor
96,140,264,2004-09-26,2028-07-10,55022.63,Actor
97,27,208,2006-07-14,2028-03-30,34984.23,Supervisor
98,474,442,2016-12-31,2028-11-27,72444.44,Co-Producer
99,62,735,2003-09-24,2024-12-30,75776.65,Actor
100,515,272,2007-01-26,2024-10-17,60155.45,Writer
101,601,617,1998-07-30,2024-05-20,25006.5,Co-Producer
102,713,32,2015-03-04,2026-10-03,63277.89,Producer
103,611,116,2018-09-16,2025-07-08,76977.16,Writer
104,382,783,1993-12-07,2023-06-25,73225.51,Main
105,22,692,2020-06-21,2028-03-22,18392.31,Producer
106,646,281,2013-05-23,2027-12-13,10965.48,Director
107,163,503,1993-06-30,2027-06-22,33307.63,Writer
108,221,800,1992-09-13,2029-02-10,78452.76,Supervisor
109,160,355,1998-04-05,2022-06-01,34093.31,Supervisor
110,765,276,2020-01-08,2024-10-06,62589.18,Main
111,361,65,1995-11-29,2024-09-30,57873.7,Main
112,715,741,2016-02-15,2027-05-26,41946.74,Co-Producer
113,202,539,1996-11-24,2023-06-12,62776.55,Main
114,494,101,2006-02-13,2024-09-07,66867.32,Actor
115,464,761,1997-06-30,2027-08-05,32536.08,Co-Producer
116,175,18,1996-02-26,2025-01-02,66756.26,Supervisor
117,439,26,2007-07-23,2028-09-12,68415.69,Supervisor
118,47,47,2016-05-28,2027-05-09,62785.64,Writer
119,761,90,1997-06-18,2028-02-12,64030.97,Director
120,710,14,2020-04-25,2026-08-31,11497.37,Actor
121,507,343,2002-06-30,2024-04-14,24808.24,Writer
122,94,365,1999-08-15,2022-06-04,70558.91,Producer
123,289,677,2004-07-01,2025-07-13,50668.42,Co-Producer
124,199,486,1992-06-10,2028-10-29,74853.72,Main
125,778,234,2015-05-03,2028-11-04,59728.97,Writer
126,583,478,2006-07-23,2023-10-10,15647.38,Producer
127,475,91,1992-04-18,2025-01-17,13980.85,Main
128,106,99,2004-07-09,2022-07-10,64464.46,Producer
129,253,572,2017-10-04,2027-08-09,38336.68,Producer
130,386,172,1998-03-27,2023-05-28,27031.58,Main
131,258,321,1998-03-20,2023-09-09,37686.88,Director
132,543,578,2002-03-05,2022-07-18,54421.34,Supervisor
133,529,183,2004-05-04,2023-05-03,39762.82,Writer
134,350,561,1994-10-19,2025-09-03,10857.21,Director
135,282,511,2003-06-08,2028-02-08,61777.05,Producer
136,50,113,1992-06-03,2028-09-14,51591.43,Director
137,655,658,2016-05-22,2026-03-21,62561.96,Supervisor
138,291,406,1991-08-17,2028-12-11,26885.9,Writer
139,490,181,1996-10-19,2026-03-03,22270.2,Main
140,34,347,1992-12-08,2025-06-05,40003.78,Producer
141,710,522,1991-05-19,2028-07-16,41127.16,Co-Producer
142,304,50,2010-12-29,2028-12-05,73621.76,Producer
143,745,6,2009-10-24,2028-10-19,39168.91,Producer
144,165,359,2021-02-22,2024-08-17,22073.61,Main
145,234,539,1994-09-29,2022-12-09,63342.23,Supervisor
146,353,12,1997-01-27,2028-07-08,18675.09,Actor
147,137,80,2004-12-05,2027-05-18,30115.05,Co-Producer
148,717,443,1994-09-09,2023-11-08,68735.59,Actor
149,724,761,1990-11-10,2023-10-06,52766.53,Main
150,139,714,2021-12-04,2026-09-30,10765.56,Producer
151,14,629,2016-04-21,2023-11-28,31804.65,Director
152,75,276,2021-06-29,2026-11-07,46987.36,Co-Producer
153,388,198,2007-04-05,2029-02-28,63780.9,Co-Producer
154,258,256,2018-04-15,2024-04-17,24019.81,Actor
155,275,128,2015-12-02,2025-06-17,17248.03,Director
156,662,334,1996-11-18,2023-04-22,19450.89,Writer
157,496,9,2021-02-25,2027-03-21,35954.57,Producer
158,672,32,1994-06-28,2024-12-01,76647.77,Supervisor
159,87,142,2015-05-04,2024-10-13,43188.97,Writer
160,344,244,1995-03-15,2027-02-18,28105.77,Actor
161,636,296,2019-08-02,2029-03-23,51525.84,Director
162,781,761,2016-02-26,2028-08-02,23074.75,Director
163,770,727,2003-10-03,2028-03-15,58155.31,Director
164,539,520,2020-07-10,2025-08-17,12583.68,Main
165,45,607,1998-11-26,2026-03-15,65796.39,Supervisor
166,657,213,1998-10-03,2026-03-13,66267.54,Co-Producer
167,304,408,2021-03-07,2028-08-07,66501.64,Actor
168,181,211,2009-09-26,2026-01-27,27717.31,Writer
169,306,581,1995-05-17,2028-10-14,67816.29,Supervisor
170,437,7,2009-09-20,2025-09-21,55133.4,Director
171,384,652,1999-12-13,2027-08-02,72298.68,Actor
172,268,219,2006-09-02,2022-08-31,49599.35,Writer
173,745,729,2002-07-31,2029-02-15,74169.58,Producer
174,780,679,1991-09-06,2027-10-08,18445.9,Co-Producer
175,711,628,2002-07-12,2028-09-26,46431.72,Producer
176,320,245,2002-05-06,2028-03-22,41294.3,Producer
177,469,785,2005-04-28,2027-02-09,55315.01,Main
178,544,268,2006-12-31,2025-06-28,51221.57,Supervisor
179,79,10,1998-09-20,2028-11-04,11196.6,Director
180,242,631,1995-03-26,2024-08-30,57569.6,Director
181,654,712,2004-04-12,2026-01-24,63477.18,Co-Producer
182,408,700,1992-08-18,2029-02-13,61961.56,Co-Producer
183,690,596,2004-04-23,2023-02-19,50921.46,Main
184,331,493,2014-08-17,2027-02-28,44546.54,Producer
185,306,677,2005-07-10,2026-02-26,66213.29,Producer
186,786,372,2001-09-17,2025-06-12,60050.97,Supervisor
187,689,234,2009-11-06,2023-06-07,10535.61,Writer
188,484,287,1991-02-18,2024-12-10,52060.5,Main
189,241,379,2005-02-13,2026-06-16,67781.84,Main
190,232,260,2005-04-29,2024-01-25,51189.62,Actor
191,607,390,2020-11-28,2027-12-10,15113.65,Director
192,346,662,2021-01-26,2022-09-03,24753.83,Actor
193,786,139,1997-01-20,2027-09-24,34600.04,Director
194,348,189,2015-11-30,2027-01-20,19215.61,Director
195,514,166,2000-05-07,2026-10-29,62942.1,Writer
196,567,747,2017-02-19,2026-09-23,48790.97,Main
197,355,700,2002-01-17,2022-05-06,16402.07,Co-Producer
198,135,241,1990-05-06,2026-06-10,74369.47,Supervisor
199,748,644,2002-08-02,2027-06-18,13925.63,Writer
200,24,170,1993-05-24,2024-03-30,59056.05,Main
201,678,617,2007-01-26,2027-10-23,24600.38,Producer
202,156,10,2019-08-07,2022-12-28,48411.25,Main
203,649,395,2009-06-03,2028-10-24,12751.87,Actor
204,777,99,2020-05-31,2026-05-12,41568.95,Actor
205,767,78,1997-11-10,2029-03-16,22226.24,Producer
206,787,47,2007-10-28,2027-03-15,50479.86,Actor
207,756,686,2009-02-07,2028-07-10,16238.79,Co-Producer
208,712,511,2012-12-29,2025-12-28,18358.14,Co-Producer
209,47,95,1998-05-27,2023-08-21,22241.42,Producer
210,276,261,1998-01-19,2027-01-27,44622.92,Supervisor
211,621,251,2015-07-07,2025-12-02,60695.37,Co-Producer
212,13,33,2009-03-08,2027-10-01,51736.25,Actor
213,715,743,2002-05-25,2025-04-10,22336.22,Supervisor
214,750,328,1998-06-18,2023-10-03,55683.73,Actor
215,744,442,2006-02-08,2027-06-05,69344.91,Main
216,636,314,2003-04-02,2026-08-26,38060.26,Supervisor
217,640,795,2004-03-30,2027-10-05,42157.73,Director
218,28,218,1998-09-11,2024-05-24,65709.44,Actor
219,111,387,2004-06-20,2024-03-19,23484.55,Actor
220,591,423,2019-12-08,2023-03-15,10506.58,Director
221,22,796,1995-11-26,2024-04-09,20866.33,Actor
222,164,693,2016-05-01,2027-11-11,12557.73,Main
223,708,796,2007-07-21,2028-12-20,28277.21,Co-Producer
224,733,68,2006-05-03,2027-12-04,53099.29,Director
225,466,557,2019-06-11,2026-12-04,70232.76,Main
226,249,766,2003-10-30,2025-10-02,73043.16,Actor
227,387,417,2000-02-05,2028-10-29,68377.01,Writer
228,438,539,2013-10-24,2022-10-20,73876.99,Producer
229,301,714,2014-01-28,2026-07-19,41165.41,Actor
230,640,366,2014-11-24,2027-07-21,68506.25,Director
231,434,696,2003-12-03,2022-11-19,34776.43,Director
232,442,534,2001-02-13,2025-10-13,18572.04,Actor
233,347,442,1993-02-18,2026-06-26,67072.59,Actor
234,653,621,2014-11-26,2028-03-16,72198.14,Director
235,86,42,1990-05-30,2027-06-09,11997.73,Director
236,187,516,2002-10-04,2027-05-05,60235.78,Main
237,398,161,2015-05-13,2024-05-13,30013.09,Producer
238,149,628,2020-07-15,2027-04-22,11677.91,Director
239,538,490,2000-05-31,2024-02-26,76153.57,Co-Producer
240,569,424,1994-06-22,2025-10-21,31398.66,Writer
241,140,479,1998-02-18,2027-04-14,54139.39,Director
242,469,43,2017-12-20,2023-08-28,62111.0,Supervisor
243,237,704,2006-08-03,2025-02-28,53054.44,Writer
244,727,646,2021-08-24,2028-08-06,56461.38,Supervisor
245,72,105,2004-06-23,2028-02-27,75537.2,Co-Producer
246,185,796,2003-08-26,2022-05-05,20980.69,Main
247,784,347,2014-02-14,2026-12-26,64060.0,Main
248,292,413,2006-09-12,2024-10-12,53717.89,Producer
249,693,698,2017-05-05,2027-04-06,15407.4,Supervisor
250,194,401,2014-10-28,2025-06-21,12501.6,Director
251,706,744,2021-10-07,2026-04-20,60360.3,Supervisor
252,99,6,2011-06-17,2023-11-24,20516.8,Writer
253,607,555,1999-12-28,2027-05-28,60720.08,Writer
254,155,25,2012-11-15,2028-12-19,25633.29,Main
255,166,286,1994-08-01,2022-07-22,46946.22,Producer
256,192,407,2015-09-05,2028-09-23,23008.47,Producer
257,622,60,1995-05-06,2025-06-19,33173.99,Co-Producer
258,314,682,2017-07-10,2028-09-04,14696.37,Actor
259,593,429,2002-06-12,2025-12-26,76605.83,Supervisor
260,736,664,1996-09-30,2023-01-03,61893.97,Main
261,736,409,2014-04-11,2023-09-04,60215.49,Supervisor
262,64,367,2012-01-18,2029-01-06,18820.34,Supervisor
263,788,312,1998-05-31,2027-10-20,19004.19,Supervisor
264,587,675,1996-05-18,2023-08-28,73374.25,Co-Producer
265,534,658,2005-12-05,2025-07-29,12768.25,Producer
266,743,790,2006-07-26,2026-06-24,59319.56,Co-Producer
267,783,539,2002-05-08,2025-08-05,40652.2,Co-Producer
268,411,333,2003-03-12,2022-08-21,23056.15,Director
269,231,400,2011-04-17,2028-07-23,73999.32,Producer
270,274,174,2015-02-18,2023-04-19,31612.1,Director
271,430,104,2001-10-04,2025-09-07,29774.29,Co-Producer
272,653,329,2018-05-01,2028-09-04,66127.51,Co-Producer
273,476,122,2007-07-17,2024-10-28,40610.85,Writer
274,95,137,2009-06-21,2026-06-15,29046.0,Actor
275,474,39,2018-10-03,2025-08-08,21070.36,Director
276,417,222,1998-12-11,2023-02-06,77435.21,Co-Producer
277,758,785,2008-05-13,2026-04-02,60987.24,Director
278,238,47,2012-09-13,2027-09-28,61278.43,Actor
279,394,773,2014-09-04,2025-11-14,66255.25,Actor
280,402,665,1991-05-07,2022-05-26,32729.29,Main
281,89,646,2000-12-06,2025-04-27,66499.56,Producer
282,428,74,2012-01-26,2023-05-15,43007.61,Actor
283,775,233,2013-06-16,2023-09-05,59662.95,Supervisor
284,748,294,1993-10-01,2028-10-09,52840.49,Actor
285,354,21,2006-08-30,2028-10-13,53543.1,Writer
286,402,386,2001-03-09,2025-05-29,53578.39,Producer
287,575,675,2006-07-13,2025-06-21,78414.94,Supervisor
288,722,240,2007-05-03,2026-09-14,57679.94,Supervisor
289,263,608,2018-12-26,2023-10-04,54247.32,Producer
290,43,98,2020-10-04,2024-03-08,44753.19,Co-Producer
291,499,598,1991-05-01,2024-09-30,38058.04,Producer
292,529,574,2012-12-17,2024-03-17,60998.4,Co-Producer
293,755,331,1994-09-05,2025-09-28,20873.92,Producer
294,423,88,1998-12-23,2026-12-31,35573.94,Producer
295,196,107,2017-03-15,2028-06-09,36710.62,Main
296,644,43,1996-03-20,2026-05-14,10271.2,Producer
297,734,87,2017-08-24,2025-06-11,18846.21,Supervisor
298,605,694,2017-04-17,2027-09-13,26981.72,Writer
299,416,59,2009-07-29,2027-02-11,20611.31,Main
300,793,210,1993-08-06,2027-08-18,41990.92,Producer
301,216,589,2011-08-31,2024-02-17,27173.51,Supervisor
302,745,232,1999-07-08,2023-12-26,39196.86,Co-Producer
303,700,748,2018-12-14,2022-07-09,63928.13,Director
304,479,512,1994-12-10,2029-04-18,43735.74,Actor
305,49,277,2013-04-09,2026-07-12,75272.3,Supervisor
306,767,632,2001-09-30,2025-01-26,43221.47,Writer
307,543,556,2009-04-16,2024-06-10,42574.72,Writer
308,787,64,2004-11-11,2027-02-04,31411.21,Actor
309,523,566,1994-06-13,2024-04-30,66926.29,Supervisor
310,422,241,2010-07-06,2023-02-12,48132.47,Writer
311,171,800,2011-08-18,2025-11-07,69459.65,Producer
312,637,631,2010-12-16,2028-06-25,52506.92,Actor
313,92,676,1995-04-29,2023-11-11,60384.02,Main
314,455,178,1997-02-01,2024-01-17,32431.95,Supervisor
315,417,61,2021-02-16,2024-04-18,69033.89,Writer
316,731,499,2006-06-23,2023-03-05,59826.91,Actor
317,220,302,2003-09-09,2027-06-14,45583.95,Producer
318,291,152,2005-05-11,2028-10-24,49711.34,Writer
319,404,224,1990-12-23,2024-02-29,71209.86,Actor
320,302,478,2011-01-22,2025-07-09,29941.04,Director
321,263,386,1994-12-09,2024-06-15,42130.06,Director
322,381,51,1996-04-21,2026-01-14,31707.32,Director
323,156,750,2011-02-06,2024-08-03,64657.94,Main
324,346,593,1996-08-19,2027-08-03,20463.87,Main
325,650,178,2005-06-11,2029-03-27,23054.76,Co-Producer
326,690,682,1990-12-02,2029-02-24,26716.57,Supervisor
327,790,609,2001-02-08,2025-11-19,65847.03,Producer
328,517,364,2014-09-17,2028-01-23,42728.45,Actor
329,227,246,2003-11-25,2023-09-25,71755.19,Main
330,372,351,2002-03-21,2027-07-24,31965.9,Supervisor
331,653,148,1998-08-28,2027-05-30,63992.64,Director
332,34,554,2001-12-12,2027-03-09,60043.11,Director
333,552,260,2012-07-25,2029-02-23,15974.15,Producer
334,437,777,1994-09-28,2026-08-07,30587.35,Main
335,529,534,2020-11-22,2023-06-17,41647.72,Supervisor
336,359,650,2004-03-24,2029-03-21,23442.56,Actor
337,92,489,2001-02-14,2024-05-11,71971.33,Main
338,490,178,1997-11-03,2022-10-26,67155.23,Supervisor
339,612,142,1992-05-30,2023-08-08,58106.29,Director
340,417,308,1993-10-13,2028-10-03,47915.12,Co-Producer
341,29,361,1997-11-23,2028-11-14,66926.99,Supervisor
342,384,743,2013-05-29,2027-05-30,17468.83,Director
343,576,667,2004-09-24,2022-12-12,57316.81,Writer
344,488,119,2017-10-23,2026-10-16,12638.27,Director
345,228,640,2004-05-29,2027-12-22,30421.94,Co-Producer
346,604,704,2014-08-22,2022-08-16,22759.43,Producer
347,219,113,1992-02-27,2027-06-19,31266.58,Actor
348,88,25,2014-02-20,2024-11-13,78704.68,Writer
349,58,734,1997-04-21,2026-06-19,11434.64,Supervisor
350,248,324,2001-05-01,2024-09-27,29948.46,Director
351,535,295,2005-06-10,2022-09-18,20121.62,Supervisor
352,510,167,2010-05-30,2022-06-30,35360.23,Producer
353,232,321,2000-09-17,2025-12-26,53185.98,Writer
354,199,443,2008-01-01,2027-01-25,69935.16,Actor
355,677,129,2013-09-16,2026-10-01,71964.61,Co-Producer
356,102,404,1999-10-12,2025-08-06,60819.19,Director
357,460,207,2004-09-27,2028-03-01,17109.75,Writer
358,152,616,2008-10-01,2024-03-14,78117.74,Actor
359,476,455,2021-08-22,2024-06-01,54403.78,Actor
360,590,694,2020-05-28,2024-01-25,38920.86,Actor
361,439,625,2000-05-21,2028-01-31,58342.55,Actor
362,266,746,2020-06-20,2024-12-11,68088.2,Actor
363,696,336,1994-06-28,2025-06-17,21611.08,Director
364,278,355,2016-10-17,2026-10-28,70857.35,Director
365,306,239,2017-09-30,2028-11-04,18574.03,Main
366,287,100,2011-09-17,2028-04-24,73944.64,Producer
367,747,273,2014-10-27,2024-09-14,13003.67,Writer
368,458,341,1992-12-28,2029-04-04,50699.89,Actor
369,165,331,2000-10-30,2025-06-12,11524.23,Main
370,190,501,2011-10-02,2028-05-19,72919.84,Co-Producer
371,379,535,1995-05-10,2026-12-14,55003.56,Co-Producer
372,23,710,2003-11-18,2025-02-22,40177.54,Producer
373,224,99,2002-12-24,2026-03-30,10616.55,Supervisor
374,474,54,2011-04-03,2026-01-28,34337.28,Producer
375,522,317,2020-02-05,2028-09-01,76587.36,Writer
376,188,23,2009-01-03,2027-04-10,72093.72,Director
377,171,281,2019-09-04,2025-02-26,59060.38,Actor
378,225,405,2001-10-05,2026-02-24,46559.15,Actor
379,641,666,1995-09-21,2029-02-17,76855.37,Writer
380,125,638,2010-11-12,2024-02-21,78658.07,Writer
381,388,733,2006-09-18,2023-10-15,38195.66,Supervisor
382,718,424,2020-06-10,2028-02-28,28580.65,Main
383,357,105,2009-02-16,2029-01-29,38689.82,Actor
384,469,278,2010-11-11,2027-10-20,13976.4,Producer
385,235,624,2020-07-09,2028-12-10,71929.9,Actor
386,545,620,1993-11-09,2027-11-29,23082.34,Main
387,95,523,2010-08-30,2026-02-13,35999.4,Actor
388,412,376,1997-10-10,2022-07-07,38556.69,Co-Producer
389,220,600,2001-01-08,2026-09-30,73654.41,Producer
390,482,773,2019-04-26,2024-06-09,23702.79,Supervisor
391,189,686,2012-06-24,2022-12-25,27721.45,Actor
392,667,725,2009-02-15,2022-05-07,61750.63,Director
393,659,107,2019-07-18,2027-03-30,76367.87,Actor
394,300,311,2010-05-12,2026-06-26,73188.05,Producer
395,80,641,1996-12-28,2028-10-03,71484.97,Co-Producer
396,83,169,2001-02-26,2022-12-31,32390.98,Producer
397,639,214,2020-01-11,2022-05-26,35192.73,Writer
398,772,569,2015-02-15,2025-07-30,41215.0,Main
399,684,34,2006-10-19,2028-03-06,48159.32,Supervisor
400,793,55,1996-03-26,2023-05-13,28692.21,Main
401,596,513,1990-07-11,2029-02-18,51869.74,Producer
402,287,52,2015-10-04,2027-01-26,67798.67,Actor
403,290,23,2017-02-15,2026-09-11,25117.02,Co-Producer
404,90,618,2015-12-19,2027-10-03,40119.51,Writer
405,731,717,2008-07-10,2023-08-05,17559.41,Producer
406,431,636,2000-11-22,2023-05-09,37595.23,Actor
407,56,246,1991-03-18,2027-07-10,72363.17,Producer
408,726,44,2003-08-07,2027-05-25,65544.34,Actor
409,445,64,2020-11-21,2023-05-15,26983.9,Main
410,350,682,1996-04-04,2026-03-14,31149.07,Actor
411,583,598,2020-10-27,2027-08-31,78872.97,Director
412,337,460,2022-02-20,2022-11-01,26547.63,Main
413,575,741,2004-02-26,2028-11-11,18205.4,Main
414,257,431,1992-08-06,2027-04-25,21849.65,Producer
415,496,574,2005-11-11,2028-02-20,29224.12,Actor
416,603,33,2012-06-06,2022-08-13,16335.63,Supervisor
417,75,327,2007-06-16,2024-06-13,56114.1,Co-Producer
418,182,264,1990-04-13,2024-01-26,57769.09,Writer
419,37,534,2019-04-09,2023-02-11,42901.91,Producer
420,749,374,1994-01-06,2023-12-13,44226.45,Co-Producer
421,541,103,2019-09-11,2029-02-05,28494.83,Writer
422,297,798,2002-03-06,2026-06-25,65642.05,Producer
423,295,231,2014-12-12,2027-01-21,13738.13,Main
424,783,371,2003-11-27,2023-09-22,15068.69,Supervisor
425,775,28,2004-02-14,2023-08-30,71092.86,Main
426,18,785,2010-08-30,2025-06-12,67622.48,Actor
427,57,86,2022-04-02,2028-09-21,51490.93,Co-Producer
428,121,792,2000-01-07,2024-01-30,32874.91,Co-Producer
429,186,712,1990-06-26,2027-04-18,38125.14,Writer
430,361,655,1990-12-05,2023-03-12,59913.6,Writer
431,573,500,1997-01-18,2028-11-29,19405.94,Director
432,709,609,1999-08-31,2024-04-09,49881.85,Co-Producer
433,156,87,2009-07-31,2023-04-10,74309.81,Producer
434,629,5,2014-01-03,2024-11-15,49511.27,Supervisor
435,168,653,2014-10-16,2023-03-12,18672.94,Main
436,386,654,2011-08-14,2023-08-15,17235.33,Supervisor
437,601,773,2007-10-26,2023-06-26,11518.65,Actor
438,565,656,2018-10-13,2029-03-30,56857.62,Actor
439,635,371,2002-08-09,2023-02-17,26139.92,Actor
440,420,355,2012-09-26,2027-01-12,74112.3,Main
441,224,730,1996-12-28,2027-07-28,68675.12,Supervisor
442,181,485,2009-08-10,2027-05-06,38507.38,Writer
443,479,460,2012-06-17,2026-07-17,37100.96,Actor
444,163,318,2006-02-14,2028-06-28,75905.33,Main
445,699,794,1995-07-15,2028-05-08,17131.58,Producer
446,329,124,2000-06-29,2024-04-28,18650.84,Co-Producer
447,237,752,1995-11-11,2028-10-10,43481.23,Director
448,657,8,2020-03-08,2025-02-18,41575.12,Producer
449,447,509,1998-08-06,2025-01-21,57590.23,Producer
450,616,139,2003-01-03,2026-12-25,35188.5,Director
451,728,209,2009-12-23,2026-11-23,54404.31,Director
452,313,201,1992-07-10,2023-11-08,59661.63,Main
453,722,507,2001-03-24,2024-05-10,40273.55,Co-Producer
454,612,675,2015-05-09,2027-01-15,33878.57,Director
455,325,581,2010-12-24,2029-04-20,23371.91,Supervisor
456,753,675,2011-11-11,2022-06-21,48848.69,Actor
457,712,652,2016-10-14,2023-07-30,68084.53,Actor
458,381,522,2003-03-09,2025-12-13,66453.68,Director
459,161,191,2017-12-31,2025-07-31,35810.94,Director
460,87,629,2019-07-01,2024-10-01,51798.93,Producer
461,633,279,1997-09-13,2025-01-29,13240.05,Supervisor
462,50,10,1992-07-01,2023-12-13,58177.4,Supervisor
463,299,105,2016-09-25,2023-02-09,66193.27,Director
464,116,335,2003-08-17,2027-03-13,74010.34,Director
465,391,246,2009-07-15,2023-06-24,78095.8,Director
466,40,583,2017-05-22,2025-01-01,34747.29,Co-Producer
467,678,753,1999-12-13,2024-10-30,28257.92,Director
468,73,269,2021-02-08,2027-05-15,39992.69,Actor
469,175,629,2000-04-09,2029-04-09,76876.42,Co-Producer
470,316,754,1991-06-12,2023-02-24,33757.86,Actor
471,760,704,1992-03-05,2025-05-13,35833.28,Main
472,449,452,1990-12-18,2023-07-19,73356.53,Producer
473,772,572,1990-12-10,2022-07-09,67935.7,Producer
474,662,657,2000-03-27,2024-08-02,73880.3,Writer
475,512,324,2018-06-19,2025-07-12,39784.4,Director
476,416,359,2013-04-15,2025-05-19,49180.78,Co-Producer
477,798,341,2000-09-26,2023-06-16,45036.16,Producer
478,346,654,1990-06-26,2027-05-20,66237.49,Writer
479,574,399,2011-09-21,2028-08-08,67875.76,Actor
480,167,646,2002-03-15,2022-07-19,17160.99,Writer
481,551,780,2011-11-07,2025-10-18,67487.25,Producer
482,3,81,1992-11-05,2023-05-23,74222.16,Co-Producer
483,616,747,1998-04-28,2022-08-05,45299.55,Producer
484,357,622,2001-12-26,2024-06-28,72679.39,Actor
485,650,283,2009-03-24,2026-02-03,65394.43,Co-Producer
486,427,155,2019-01-20,2028-10-22,47728.36,Main
487,256,679,2008-06-28,2028-08-30,23640.78,Co-Producer
488,368,472,1991-02-18,2023-05-23,71308.26,Main
489,790,70,1995-12-03,2026-07-16,67530.29,Co-Producer
490,695,643,2007-11-14,2025-06-18,54809.5,Writer
491,471,91,1990-11-25,2028-03-21,42058.05,Co-Producer
492,450,42,1994-07-30,2027-10-05,38487.2,Producer
493,140,48,1991-04-08,2029-02-02,30900.38,Producer
494,230,326,2000-01-17,2027-12-18,42235.74,Writer
495,269,720,2013-01-11,2023-10-22,45954.87,Main
496,415,625,1990-04-05,2026-06-04,19472.3,Co-Producer
497,536,34,1992-01-17,2026-12-20,59345.11,Writer
498,356,577,1993-02-07,2023-02-13,35857.38,Co-Producer
499,192,677,1995-09-27,2024-08-11,58108.08,Director
500,70,695,2005-08-03,2026-03-16,21501.62,Main
501,46,544,2014-11-04,2027-07-19,21870.46,Supervisor
502,710,84,2017-02-12,2025-10-03,25965.89,Writer
503,69,432,2015-06-27,2028-09-08,23469.15,Actor
504,62,332,1997-02-05,2025-06-15,61766.92,Writer
505,134,257,2006-08-28,2028-07-28,23477.76,Co-Producer
506,554,255,2016-04-22,2026-06-28,46889.26,Co-Producer
507,85,624,1990-05-18,2025-09-07,47158.26,Main
508,35,195,1991-05-12,2025-01-01,64219.07,Supervisor
509,738,62,2015-10-22,2027-12-28,56674.81,Writer
510,277,693,2004-02-01,2026-11-20,38835.97,Writer
511,61,165,2005-07-06,2027-03-09,29997.41,Writer
512,526,134,1997-01-05,2023-12-12,45042.08,Co-Producer
513,690,351,2014-06-29,2025-01-13,48778.14,Co-Producer
514,629,614,2017-12-27,2022-04-27,34587.07,Writer
515,459,414,2007-01-09,2027-10-20,35928.26,Writer
516,455,39,2022-02-13,2028-12-08,31666.37,Co-Producer
517,633,86,2004-05-13,2023-03-28,71532.42,Actor
518,45,664,2014-05-29,2024-12-09,13958.64,Writer
519,781,9,2015-02-08,2028-03-10,23386.63,Supervisor
520,445,58,1996-02-23,2028-01-30,65210.21,Supervisor
521,264,356,2005-03-17,2029-02-25,32417.58,Supervisor
522,559,511,2010-08-14,2027-01-14,40561.04,Writer
523,141,508,2008-04-05,2028-06-14,66799.75,Actor
524,272,368,2020-12-28,2026-10-03,67708.15,Writer
525,391,82,1995-11-23,2023-12-19,53678.96,Writer
526,343,526,2003-11-23,2026-05-23,45380.7,Main
527,143,468,2018-11-17,2025-06-18,17277.98,Writer
528,270,85,1991-02-26,2029-02-22,29311.2,Supervisor
529,392,385,2000-12-07,2023-12-08,55102.13,Co-Producer
530,531,236,2018-08-07,2023-02-05,47336.75,Co-Producer
531,353,438,2005-03-15,2027-12-10,25035.79,Co-Producer
532,44,472,2009-01-30,2025-07-10,22237.36,Writer
533,118,82,2004-01-06,2023-08-22,55736.67,Supervisor
534,620,429,1999-11-07,2023-02-05,44210.76,Co-Producer
535,4,756,2005-05-11,2024-11-13,18907.05,Actor
536,51,132,1995-02-05,2029-02-08,76566.67,Actor
537,330,722,2009-10-26,2026-08-05,10571.4,Director
538,379,182,1991-11-20,2023-10-27,67028.93,Writer
539,312,583,2008-02-21,2025-07-19,30114.03,Supervisor
540,188,446,1990-05-22,2023-02-05,60943.55,Actor
541,198,330,1994-05-07,2024-05-13,28328.41,Writer
542,630,52,2017-09-02,2025-02-03,37324.22,Actor
543,351,617,2014-09-09,2024-03-29,60853.72,Main
544,747,755,2005-08-11,2026-08-28,64442.79,Supervisor
545,651,117,1990-06-13,2024-07-12,10419.59,Actor
546,232,725,2011-03-06,2027-02-04,78410.31,Director
547,446,6,1999-01-07,2027-05-22,19393.02,Director
548,650,652,2017-01-27,2023-03-22,58895.69,Main
549,372,485,2001-03-13,2026-01-20,28685.39,Supervisor
550,444,509,2020-11-05,2027-03-07,29764.24,Main
551,238,201,1999-05-22,2028-11-14,66445.11,Writer
552,733,287,2006-12-21,2028-02-11,64429.62,Supervisor
553,3,136,1993-06-07,2024-01-01,38470.08,Writer
554,324,49,2000-05-09,2028-12-30,64256.32,Co-Producer
555,474,746,2014-10-24,2023-05-27,76905.41,Co-Producer
556,565,671,2006-05-05,2022-06-09,37812.47,Main
557,631,683,2016-07-18,2026-05-01,71222.13,Writer
558,156,530,2017-10-28,2024-02-20,13055.29,Writer
559,376,408,1998-03-28,2024-12-07,73508.54,Actor
560,587,580,1994-06-25,2025-11-17,41412.95,Actor
561,580,671,2014-10-02,2025-02-17,29278.42,Supervisor
562,705,682,2002-09-06,2028-09-29,21375.74,Writer
563,497,95,1994-07-22,2028-12-22,78588.8,Co-Producer
564,223,403,2001-07-11,2024-02-01,27014.17,Actor
565,313,404,1995-05-17,2025-11-20,54771.6,Director
566,703,312,2004-04-20,2022-06-23,18051.31,Writer
567,416,646,2002-02-06,2023-12-17,17359.0,Director
568,485,366,1991-03-01,2025-08-29,51009.39,Main
569,511,99,2006-01-26,2022-05-24,75967.5,Main
570,714,720,2016-05-06,2025-10-27,56080.22,Actor
571,685,445,2010-08-21,2026-10-13,28467.23,Producer
572,349,792,2001-04-25,2022-06-02,44978.66,Writer
573,226,345,1994-07-21,2025-04-18,11440.56,Producer
574,320,226,1996-06-27,2028-11-25,69396.72,Co-Producer
575,87,567,1992-04-12,2024-03-13,27887.45,Producer
576,92,461,1997-03-30,2025-03-07,73756.94,Director
577,778,343,2005-07-02,2022-06-28,15298.45,Producer
578,109,312,2012-10-18,2022-06-06,16803.33,Actor
579,251,198,2009-08-01,2026-02-05,53362.74,Supervisor
580,300,187,2019-05-28,2022-08-25,38883.45,Co-Producer
581,400,282,2003-10-14,2028-01-23,69493.84,Supervisor
582,781,481,2015-03-25,2026-05-14,64192.63,Writer
583,159,791,2016-02-19,2024-12-13,32487.99,Main
584,378,109,2011-05-28,2028-11-13,44826.15,Writer
585,373,63,1996-08-07,2027-07-15,14918.91,Writer
586,133,629,1992-09-12,2028-05-20,67854.93,Supervisor
587,415,263,1997-09-04,2028-04-05,52804.31,Producer
588,238,18,1997-01-03,2028-05-06,25848.19,Director
589,416,632,2013-10-14,2023-05-02,72858.45,Actor
590,296,323,1999-08-04,2025-04-26,12152.78,Supervisor
591,83,780,1995-05-25,2023-02-17,51094.75,Director
592,291,1,2009-08-16,2027-12-13,49926.85,Director
593,491,125,1996-07-05,2024-08-19,17946.16,Director
594,414,428,2004-05-17,2028-09-03,33401.75,Co-Producer
595,385,618,2012-08-10,2025-03-24,76882.88,Co-Producer
596,547,349,2001-08-13,2028-04-29,45513.52,Co-Producer
597,559,349,2018-12-22,2025-04-03,45320.28,Main
598,247,185,2010-02-11,2025-01-27,71476.55,Director
599,101,700,1999-01-17,2028-10-08,51696.68,Actor
600,756,486,2012-01-16,2026-07-09,61990.58,Director
601,794,588,2019-01-24,2028-04-27,33208.95,Writer
602,443,743,1991-03-08,2023-06-02,61654.95,Co-Producer
603,229,25,2013-08-28,2028-08-30,19858.79,Producer
604,39,374,1990-12-23,2022-09-07,37160.48,Writer
605,692,698,2004-07-16,2028-07-19,14971.99,Producer
606,134,274,2005-08-22,2024-07-22,63178.84,Director
607,722,475,1999-08-14,2026-01-04,24291.17,Director
608,62,251,2011-08-07,2027-02-03,73526.38,Director
609,13,233,2017-11-29,2024-04-26,13436.49,Writer
610,493,667,1995-01-20,2025-07-18,76937.99,Writer
611,499,782,1994-09-18,2022-09-23,27913.64,Co-Producer
612,133,435,1992-02-12,2028-05-15,76464.31,Director
613,669,255,1995-10-09,2027-10-13,67940.16,Director
614,266,794,2009-10-09,2027-05-31,16675.63,Supervisor
615,479,216,2014-02-24,2028-10-01,50586.55,Director
616,609,723,1991-09-13,2026-03-16,28295.76,Actor
617,537,565,2002-05-30,2024-12-16,67657.42,Producer
618,631,388,1992-05-20,2024-05-04,67296.55,Main
619,573,767,1997-04-03,2023-04-21,36906.96,Producer
620,539,115,1995-10-22,2025-01-25,47465.52,Co-Producer
621,407,321,1992-08-04,2024-08-07,58839.23,Writer
622,537,543,2014-10-16,2022-05-21,62065.95,Director
623,304,475,2010-05-28,2027-10-15,65441.43,Main
624,532,166,2019-07-21,2029-01-03,61134.61,Main
625,712,225,1997-07-08,2028-12-16,10866.48,Writer
626,132,87,2015-03-06,2026-12-18,65528.74,Supervisor
627,54,663,2010-04-26,2024-06-08,30751.11,Co-Producer
628,721,365,1994-05-19,2022-05-07,51405.19,Supervisor
629,564,71,2002-04-22,2024-06-12,28824.16,Writer
630,398,287,1990-12-16,2023-01-29,47711.92,Co-Producer
631,464,626,2015-02-24,2024-02-18,51512.04,Co-Producer
632,420,188,1995-04-23,2028-01-19,55006.74,Writer
633,541,365,2018-02-19,2027-07-05,13424.72,Main
634,490,174,1992-02-15,2026-04-10,23705.94,Supervisor
635,203,285,2010-04-22,2028-01-16,13443.09,Actor
636,346,405,2010-07-04,2023-10-04,32427.13,Main
637,251,379,2017-04-26,2025-09-01,27210.48,Actor
638,793,135,2006-10-31,2023-05-10,11976.12,Supervisor
639,558,211,2020-03-18,2027-09-29,62027.65,Writer
640,191,665,2013-09-07,2027-03-02,67292.09,Director
641,261,9,2020-08-08,2024-07-24,44833.82,Supervisor
642,573,476,2013-02-13,2024-12-14,12449.58,Actor
643,329,564,1998-11-01,2023-11-29,30677.7,Actor
644,712,7,2017-05-03,2027-10-28,62318.43,Main
645,232,530,2017-01-07,2022-05-21,69440.43,Co-Producer
646,160,110,1995-09-18,2023-03-19,55884.88,Director
647,404,726,2018-12-06,2022-12-15,33698.27,Supervisor
648,483,176,1993-12-13,2022-12-03,27757.46,Actor
649,201,537,2005-04-15,2025-07-04,18552.64,Co-Producer
650,308,177,2014-10-18,2024-09-29,48647.5,Actor
651,746,428,2008-07-18,2024-12-23,74468.68,Writer
652,768,147,2002-09-17,2027-01-27,34087.1,Co-Producer
653,503,326,2012-06-03,2027-12-22,43788.11,Producer
654,563,342,2020-07-29,2024-08-22,74643.26,Supervisor
655,574,403,2011-07-22,2026-06-27,26356.59,Co-Producer
656,781,432,2007-01-21,2027-03-09,20947.26,Actor
657,321,421,2004-11-14,2028-10-31,19365.04,Producer
658,441,402,2010-11-09,2024-02-08,34650.57,Main
659,768,78,2006-09-05,2028-04-17,32715.77,Co-Producer
660,432,163,2002-02-06,2025-04-22,74626.57,Actor
661,698,247,2018-01-03,2026-12-11,61180.77,Co-Producer
662,692,266,1993-07-15,2026-05-07,45233.53,Actor
663,296,179,1990-04-03,2025-06-07,29925.31,Writer
664,356,443,2012-02-29,2028-12-06,34397.94,Actor
665,551,591,2017-09-04,2025-09-04,65860.18,Actor
666,714,355,2017-12-25,2022-05-15,50620.41,Supervisor
667,323,85,1997-08-22,2028-01-28,30236.0,Main
668,630,607,2011-12-28,2028-02-02,70142.18,Supervisor
669,748,793,1990-06-09,2023-11-30,63834.47,Supervisor
670,469,763,2013-11-11,2023-10-09,12428.41,Co-Producer
671,685,698,2017-02-12,2025-11-10,31168.12,Co-Producer
672,402,745,1992-07-13,2028-08-11,65624.95,Director
673,678,610,2007-01-11,2025-04-14,34929.56,Director
674,93,727,2000-01-05,2027-08-05,68129.44,Producer
675,113,545,2016-02-12,2029-02-28,27141.8,Co-Producer
676,326,586,2018-07-15,2026-04-18,15892.95,Co-Producer
677,526,428,2007-06-07,2027-05-12,34602.51,Actor
678,577,153,2006-05-27,2027-11-19,25511.15,Director
679,171,538,1999-04-23,2023-06-08,35321.08,Producer
680,507,396,2002-02-15,2022-06-12,64096.85,Main
681,360,156,2010-05-29,2028-02-08,23049.79,Actor
682,709,574,2012-03-31,2028-01-15,73192.68,Co-Producer
683,97,657,2010-09-15,2027-08-08,53235.54,Main
684,590,634,1998-10-19,2025-10-06,12212.98,Actor
685,462,669,2005-03-30,2023-12-03,74674.22,Co-Producer
686,338,788,2007-03-16,2025-04-01,70032.05,Co-Producer
687,773,707,2005-07-14,2026-09-29,38204.94,Supervisor
688,728,365,1996-06-05,2028-02-07,22399.26,Writer
689,552,747,2017-09-12,2029-04-04,34425.51,Director
690,728,135,2012-12-20,2028-11-06,36394.23,Writer
691,644,134,2006-06-30,2026-01-27,64364.62,Director
692,503,15,2016-06-26,2025-05-23,46252.46,Producer
693,763,599,2013-03-20,2025-04-30,49051.61,Co-Producer
694,733,733,1994-10-11,2023-01-12,53802.84,Supervisor
695,133,234,1996-09-18,2025-12-03,73657.96,Actor
696,466,144,1993-06-23,2026-07-22,60372.94,Producer
697,235,83,2016-06-29,2025-05-09,56743.22,Actor
698,66,57,2004-10-20,2022-06-20,37911.97,Supervisor
699,79,85,2011-11-23,2027-08-13,28535.78,Producer
700,86,574,2013-08-22,2022-08-24,17094.42,Co-Producer
701,391,559,1994-12-30,2029-02-04,18412.69,Co-Producer
702,708,740,2003-01-22,2024-11-18,24043.9,Producer
703,344,709,2013-03-07,2027-01-15,26279.79,Main
704,222,614,2014-10-02,2025-07-07,26695.43,Supervisor
705,241,14,2010-12-04,2028-10-15,73850.85,Writer
706,586,679,2013-09-09,2022-12-21,46187.72,Writer
707,32,148,2007-10-26,2028-08-11,46196.63,Director
708,168,756,2005-01-14,2027-08-16,15047.81,Supervisor
709,638,22,2019-10-16,2024-08-25,67029.86,Director
710,227,783,2017-11-24,2025-02-03,72756.51,Co-Producer
711,453,489,2021-11-07,2028-05-24,61802.5,Main
712,638,734,1995-11-19,2024-05-31,42258.17,Supervisor
713,585,779,2021-04-01,2023-07-30,54198.82,Writer
714,603,211,2004-11-05,2027-06-14,56283.86,Writer
715,618,472,1998-01-20,2024-08-16,55209.99,Producer
716,245,140,1995-06-25,2023-06-30,71804.24,Main
717,276,355,1996-08-04,2022-12-31,43379.92,Producer
718,95,682,1998-02-05,2025-09-23,75994.44,Co-Producer
719,130,114,1992-11-03,2028-09-09,62677.0,Supervisor
720,279,18,2011-07-16,2026-02-03,32589.65,Writer
721,160,382,2010-03-06,2024-12-02,67692.15,Supervisor
722,84,31,2010-03-13,2022-09-09,31979.97,Director
723,517,294,2014-03-17,2028-12-17,40670.01,Co-Producer
724,49,72,2018-04-29,2027-06-20,40849.05,Director
725,654,137,2003-12-27,2024-08-14,43317.24,Producer
726,110,146,2008-05-30,2024-02-02,31319.93,Supervisor
727,197,274,2005-07-13,2028-07-21,67690.83,Writer
728,770,636,1997-03-07,2024-01-25,34454.17,Co-Producer
729,82,529,1996-04-17,2024-12-31,40443.59,Writer
730,55,385,2008-10-20,2025-01-27,49145.47,Director
731,347,351,2010-02-14,2029-01-30,62827.13,Director
732,89,73,2004-03-15,2029-03-26,34423.93,Producer
733,544,533,1991-12-17,2026-11-07,17093.76,Director
734,389,785,1998-03-23,2025-06-13,14377.55,Main
735,389,101,2005-06-29,2024-10-13,18317.83,Main
736,755,708,2008-02-17,2025-04-12,75766.69,Producer
737,592,312,2015-09-01,2026-09-13,58304.82,Writer
738,433,42,2010-02-13,2026-12-01,56699.51,Co-Producer
739,709,358,2005-08-30,2024-04-08,20092.3,Supervisor
740,100,742,2018-06-24,2024-10-11,37425.83,Main
741,131,484,1990-06-12,2029-01-09,52137.63,Producer
742,601,490,2012-11-29,2027-01-12,28842.78,Actor
743,535,308,2019-08-06,2022-08-05,43784.41,Actor
744,239,504,2008-03-21,2026-05-24,38841.21,Actor
745,137,77,2010-10-30,2025-02-04,39859.04,Actor
746,718,287,2019-03-16,2023-03-14,57191.52,Main
747,441,642,2001-09-20,2025-05-17,48390.28,Supervisor
748,194,85,2016-03-10,2027-07-30,63929.1,Actor
749,418,44,2013-02-23,2022-07-12,49530.64,Actor
750,800,298,1993-10-28,2028-10-17,50702.11,Producer
751,798,747,2006-07-10,2028-05-27,60802.58,Writer
752,176,647,2010-01-15,2025-11-13,71090.15,Director
753,147,701,1999-12-27,2025-05-03,72258.58,Main
754,572,256,2018-03-17,2022-05-28,30277.76,Actor
755,514,69,2000-04-19,2025-02-05,67657.47,Main
756,704,235,1994-10-17,2025-07-16,68467.46,Co-Producer
757,355,733,1991-06-29,2024-10-11,30578.1,Supervisor
758,624,529,2008-06-09,2029-01-28,40806.38,Producer
759,391,311,2018-04-04,2025-05-23,59944.98,Producer
760,25,119,1992-07-30,2025-10-25,70900.06,Supervisor
761,487,800,1994-10-20,2027-03-25,12108.97,Director
762,136,260,2009-06-05,2024-12-25,53127.28,Supervisor
763,45,219,2009-08-29,2028-04-18,53244.74,Supervisor
764,376,769,2002-11-27,2026-10-14,18699.74,Main
765,732,792,2012-01-06,2024-06-21,36457.06,Writer
766,65,156,2013-03-13,2022-07-12,26338.0,Co-Producer
767,262,82,2014-05-26,2024-06-11,52832.66,Actor
768,264,11,2008-04-19,2024-10-27,30476.6,Director
769,764,60,1995-05-13,2027-03-31,12682.94,Writer
770,159,205,1996-05-20,2023-05-04,72949.49,Actor
771,395,670,2002-01-10,2022-11-29,27427.0,Co-Producer
772,152,407,1999-07-03,2026-06-30,30411.08,Supervisor
773,512,560,1998-12-11,2023-11-04,54434.89,Producer
774,668,757,2008-12-31,2025-03-29,54148.22,Producer
775,742,229,2007-02-02,2028-08-04,25596.45,Main
776,633,505,2016-12-01,2022-10-28,15382.53,Main
777,790,160,1997-02-27,2025-08-01,68408.79,Co-Producer
778,369,714,2011-01-13,2026-07-06,34981.0,Main
779,156,536,1999-12-13,2024-06-20,41711.75,Actor
780,791,612,2009-01-08,2023-06-07,23810.13,Writer
781,53,441,2003-01-28,2024-08-10,15464.75,Actor
782,631,737,2006-06-07,2023-09-01,29298.92,Co-Producer
783,124,206,1992-09-11,2025-06-01,15928.79,Main
784,304,154,2015-10-14,2028-06-08,74216.51,Producer
785,626,66,1991-07-14,2027-12-30,54940.67,Writer
786,341,591,2001-07-04,2025-11-16,62665.06,Actor
787,235,449,2010-03-28,2022-10-07,45011.76,Co-Producer
788,10,82,1994-02-20,2022-07-07,58646.49,Supervisor
789,563,528,2011-09-08,2028-11-29,66162.86,Supervisor
790,501,659,2003-11-04,2027-12-22,28494.7,Co-Producer
791,706,25,2016-05-07,2023-02-11,27423.9,Director
792,442,342,2019-06-28,2028-06-17,12700.85,Actor
793,212,584,1992-05-08,2026-01-03,69578.09,Director
794,115,474,2012-09-17,2025-01-17,26522.73,Supervisor
795,132,422,2003-03-02,2022-09-10,21390.1,Writer
796,228,277,2014-12-13,2025-07-03,19662.86,Director
797,219,546,2011-03-13,2027-07-27,72626.96,Main
798,240,364,2005-09-17,2022-11-10,18224.98,Writer
799,794,88,2014-02-19,2025-10-14,27843.64,Main
800,716,63,2016-06-22,2027-03-28,63394.94,Co-Producer
